{ "type": "FeatureCollection", "features": [{"type":"Feature","geometry":{"type":"MultiPolygon","coordinates":[[[[-114.0758001,51.0483172],[-114.0763848,51.0483313],[-114.0763887,51.0482754],[-114.075806,51.0482604],[-114.0758001,51.0483172]]]]},"properties":{"structure_type":"Bridge Open to Sky","posted_clearance":"4.5","modified_dt":"2024-05-22T10:32:29.000Z"}},{"type":"Feature","geometry":{"type":"MultiPolygon","coordinates":[[[[-114.0704131,51.0481874],[-114.0704186,51.0481875],[-114.0704196,51.0481725],[-114.070422,51.0481345],[-114.0703862,51.0481335],[-114.070061,51.0481237],[-114.0700576,51.0481776],[-114.0700576,51.0481778],[-114.0700669,51.0481779],[-114.0700725,51.048178],[-114.0702428,51.0481827],[-114.0704131,51.0481874]]]]},"properties":{"structure_type":"Bridge Enclosed","posted_clearance":"4.9","modified_dt":"2024-05-22T10:32:29.000Z"}},{"type":"Feature","geometry":{"type":"MultiPolygon","coordinates":[[[[-114.07212,51.0468324],[-114.0722233,51.0468352],[-114.0722343,51.046669],[-114.0721314,51.0466662],[-114.07212,51.0468324]]]]},"properties":{"structure_type":"Bridge Enclosed","posted_clearance":"4.7","modified_dt":"2024-05-22T10:32:29.000Z"}},{"type":"Feature","geometry":{"type":"MultiPolygon","coordinates":[[[[-114.0791824,51.0480161],[-114.0792613,51.0480185],[-114.0792795,51.0478006],[-114.0791981,51.047798],[-114.0791824,51.0480161]]]]},"properties":{"structure_type":"Bridge Enclosed","posted_clearance":"4.4","modified_dt":"2024-05-22T10:32:29.000Z"}},{"type":"Feature","geometry":{"type":"MultiPolygon","coordinates":[[[[-114.0779918,51.04609],[-114.0780909,51.0460931],[-114.0781059,51.0458676],[-114.0780049,51.0458649],[-114.0779918,51.04609]]]]},"properties":{"structure_type":"Bridge Enclosed","posted_clearance":"4.7","modified_dt":"2024-05-22T10:32:29.000Z"}},{"type":"Feature","geometry":{"type":"MultiPolygon","coordinates":[[[[-114.0648822,51.0481047],[-114.0651422,51.0481119],[-114.0651476,51.0480588],[-114.0651382,51.0480584],[-114.065142,51.0480103],[-114.0655013,51.0480204],[-114.0655046,51.0479679],[-114.065051,51.047955],[-114.0650459,51.0480072],[-114.0650586,51.0480082],[-114.0650545,51.0480562],[-114.0648862,51.0480524],[-114.0648822,51.0481047]]]]},"properties":{"structure_type":"Bridge Enclosed","posted_clearance":"4.7","modified_dt":"2024-05-22T10:32:29.000Z"}},{"type":"Feature","geometry":{"type":"MultiPolygon","coordinates":[[[[-114.06771,51.0471794],[-114.0678127,51.0471828],[-114.0678265,51.0471871],[-114.067839,51.047189],[-114.0678507,51.0471896],[-114.0678657,51.0471893],[-114.0678795,51.0471879],[-114.0678921,51.0471859],[-114.0680488,51.0471902],[-114.0681096,51.0472324],[-114.0682491,51.0471516],[-114.0681926,51.0471489],[-114.0681915,51.0471715],[-114.0680883,51.0471675],[-114.0680567,51.0471439],[-114.067984,51.0471415],[-114.0678916,51.047139],[-114.0678801,51.0471359],[-114.0678694,51.0471339],[-114.0678559,51.0471328],[-114.0678419,51.0471327],[-114.0678273,51.0471341],[-114.067817,51.0471372],[-114.0677121,51.0471341],[-114.06771,51.0471794]]]]},"properties":{"structure_type":"Bridge Enclosed","posted_clearance":"4.6","modified_dt":"2024-05-22T10:32:29.000Z"}},{"type":"Feature","geometry":{"type":"MultiPolygon","coordinates":[[[[-114.0785081,51.046436],[-114.0785078,51.0464427],[-114.0785751,51.0464881],[-114.0789909,51.0465007],[-114.0789946,51.0464496],[-114.078619,51.0464391],[-114.0785081,51.046436]]]]},"properties":{"structure_type":"Bridge Enclosed","posted_clearance":"4.9","modified_dt":"2024-05-22T10:32:29.000Z"}},{"type":"Feature","geometry":{"type":"MultiPolygon","coordinates":[[[[-114.0759921,51.046426],[-114.0760783,51.0464284],[-114.0760778,51.0464356],[-114.0761277,51.046437],[-114.0761272,51.0464441],[-114.0761822,51.0464457],[-114.0761817,51.0464531],[-114.0762367,51.0464547],[-114.0762362,51.0464621],[-114.0762912,51.0464637],[-114.0762907,51.0464711],[-114.0763457,51.0464726],[-114.0763452,51.0464801],[-114.0764002,51.0464816],[-114.0763997,51.0464891],[-114.0764386,51.0464914],[-114.0764428,51.0464356],[-114.0764075,51.0464362],[-114.076408,51.0464289],[-114.0763588,51.0464275],[-114.0763593,51.0464201],[-114.0763101,51.0464187],[-114.0763106,51.0464114],[-114.0762614,51.04641],[-114.076262,51.0464027],[-114.0762127,51.0464013],[-114.0762133,51.0463939],[-114.0761641,51.0463925],[-114.0761646,51.0463852],[-114.0761154,51.0463838],[-114.0761159,51.0463765],[-114.0760667,51.0463751],[-114.0760672,51.0463672],[-114.0758642,51.0463619],[-114.0758597,51.0464188],[-114.0759632,51.0464206],[-114.0759629,51.0464251],[-114.0759921,51.046426]]]]},"properties":{"structure_type":"Bridge Enclosed","posted_clearance":"4.7","modified_dt":"2024-05-22T10:32:29.000Z"}},{"type":"Feature","geometry":{"type":"MultiPolygon","coordinates":[[[[-114.0798378,51.0474786],[-114.0799184,51.0474808],[-114.0799234,51.0474256],[-114.0798447,51.047423],[-114.0798378,51.0474786]]]]},"properties":{"structure_type":"Bridge Enclosed","posted_clearance":"4.7","modified_dt":"2024-05-22T10:32:29.000Z"}},{"type":"Feature","geometry":{"type":"MultiPolygon","coordinates":[[[[-114.0754101,51.0467414],[-114.0754038,51.0467413],[-114.0753869,51.0469717],[-114.0754834,51.0469745],[-114.0755003,51.046743],[-114.0754101,51.0467414]]]]},"properties":{"structure_type":"Bridge Enclosed","posted_clearance":"4.7","modified_dt":"2024-05-22T10:32:29.000Z"}},{"type":"Feature","geometry":{"type":"MultiPolygon","coordinates":[[[[-114.0761731,51.0454737],[-114.0764047,51.0454803],[-114.0766363,51.045487],[-114.07664,51.0454374],[-114.076408,51.0454305],[-114.0761761,51.0454232],[-114.0761731,51.0454737]]]]},"properties":{"structure_type":"Bridge Enclosed","posted_clearance":"4.6","modified_dt":"2024-05-22T10:32:29.000Z"}},{"type":"Feature","geometry":{"type":"MultiPolygon","coordinates":[[[[-114.0631896,51.0478567],[-114.0631925,51.0478195],[-114.0628608,51.0478085],[-114.06282,51.0478071],[-114.0627851,51.0478057],[-114.0627392,51.0478072],[-114.0626895,51.04781],[-114.0626405,51.0478147],[-114.0626027,51.0478203],[-114.0625738,51.0478264],[-114.0625494,51.047832],[-114.0625204,51.0478381],[-114.0624979,51.0478434],[-114.0624733,51.0478481],[-114.0624506,51.0478528],[-114.0624801,51.0478936],[-114.0624905,51.0479021],[-114.0625034,51.0479142],[-114.0625184,51.047925],[-114.0625366,51.0479378],[-114.0625526,51.0479486],[-114.0625698,51.047958],[-114.0625851,51.0479433],[-114.0625962,51.0479325],[-114.0626194,51.0479135],[-114.0626407,51.0478986],[-114.0626618,51.0478835],[-114.0626825,51.0478738],[-114.0627094,51.0478648],[-114.0627388,51.047857],[-114.0627607,51.047853],[-114.0627881,51.0478483],[-114.0628171,51.0478469],[-114.062849,51.0478464],[-114.0631896,51.0478567]]]]},"properties":{"structure_type":"Bridge Enclosed","posted_clearance":"4.7","modified_dt":"2024-05-22T10:32:29.000Z"}},{"type":"Feature","geometry":{"type":"MultiPolygon","coordinates":[[[[-114.0614647,51.0479795],[-114.0614359,51.0479395],[-114.0614189,51.0479447],[-114.0614104,51.0479468],[-114.0614007,51.0479484],[-114.061389,51.0479493],[-114.0613773,51.0479497],[-114.0611479,51.0479437],[-114.0611212,51.0479441],[-114.0610991,51.0479457],[-114.0610835,51.0479494],[-114.0610628,51.0479539],[-114.0610459,51.0479617],[-114.0610303,51.0479699],[-114.0610153,51.0479818],[-114.0610056,51.0479912],[-114.0609978,51.0480011],[-114.0609907,51.0480121],[-114.0609881,51.0480203],[-114.0609868,51.0480277],[-114.0609862,51.0480343],[-114.060976,51.0482084],[-114.0609518,51.0485514],[-114.0610113,51.0485528],[-114.0610364,51.0482149],[-114.0610518,51.0480346],[-114.0610537,51.0480248],[-114.0610589,51.048017],[-114.0610674,51.0480076],[-114.0610804,51.0480002],[-114.0610959,51.0479937],[-114.0611096,51.0479896],[-114.0611232,51.0479875],[-114.0611414,51.0479871],[-114.0613864,51.0479927],[-114.0613968,51.0479923],[-114.0614157,51.0479906],[-114.061441,51.0479857],[-114.0614647,51.0479795]]]]},"properties":{"structure_type":"Bridge Enclosed","posted_clearance":"5.0","modified_dt":"2024-05-22T10:32:29.000Z"}},{"type":"Feature","geometry":{"type":"MultiPolygon","coordinates":[[[[-114.0579425,51.0449429],[-114.0580466,51.0449458],[-114.0582174,51.0449505],[-114.0584923,51.0449582],[-114.0584944,51.0449583],[-114.0584964,51.0449584],[-114.0585001,51.0449134],[-114.0584979,51.0449132],[-114.0584957,51.0449131],[-114.0582206,51.0449054],[-114.0580465,51.0449004],[-114.0579456,51.0448976],[-114.0579425,51.0449429]]]]},"properties":{"structure_type":"Bridge Enclosed","posted_clearance":"5.8","modified_dt":"2024-05-22T10:32:29.000Z"}},{"type":"Feature","geometry":{"type":"MultiPolygon","coordinates":[[[[-114.0635244,51.0475394],[-114.0635867,51.047542],[-114.0635868,51.047542],[-114.0636004,51.0473549],[-114.0635368,51.0473531],[-114.0635304,51.0474489],[-114.0635244,51.0475394]]]]},"properties":{"structure_type":"Bridge Enclosed","posted_clearance":"4.6","modified_dt":"2024-05-22T10:32:29.000Z"}},{"type":"Feature","geometry":{"type":"MultiPolygon","coordinates":[[[[-114.0604407,51.0449803],[-114.0604409,51.0449803],[-114.0604375,51.0450188],[-114.0604915,51.0450145],[-114.0608443,51.0449865],[-114.0608509,51.0449193],[-114.0604972,51.044947],[-114.0604431,51.0449512],[-114.0604409,51.0449802],[-114.0604407,51.0449803]]]]},"properties":{"structure_type":"Bridge Enclosed","posted_clearance":"4.7","modified_dt":"2024-05-22T10:32:29.000Z"}},{"type":"Feature","geometry":{"type":"MultiPolygon","coordinates":[[[[-114.0643021,51.0444748],[-114.0642594,51.0444737],[-114.0642589,51.0444738],[-114.0642386,51.0444732],[-114.064235,51.0445368],[-114.0642305,51.0446072],[-114.0642216,51.0447439],[-114.0642857,51.0447456],[-114.0643068,51.044475],[-114.0643021,51.0444748]]]]},"properties":{"structure_type":"Bridge Enclosed","posted_clearance":"4.7","modified_dt":"2024-05-22T10:32:29.000Z"}},{"type":"Feature","geometry":{"type":"MultiPolygon","coordinates":[[[[-114.0716987,51.0510687],[-114.0716992,51.0510265],[-114.0711499,51.0510066],[-114.0711469,51.0510511],[-114.0716987,51.0510687]]]]},"properties":{"structure_type":"Bridge Enclosed","posted_clearance":"4.7","modified_dt":"2024-05-22T10:32:29.000Z"}},{"type":"Feature","geometry":{"type":"MultiPolygon","coordinates":[[[[-114.0677599,51.0461848],[-114.0679321,51.0461897],[-114.0681046,51.0461947],[-114.0681071,51.0461506],[-114.0681071,51.0461503],[-114.0680549,51.0461486],[-114.0680553,51.0461423],[-114.0679096,51.0461377],[-114.0677636,51.0461332],[-114.0677632,51.0461394],[-114.0677468,51.0461391],[-114.0677281,51.0461388],[-114.0677265,51.0461772],[-114.0677604,51.0461786],[-114.0677599,51.0461848]]]]},"properties":{"structure_type":"Bridge Enclosed","posted_clearance":"4.9","modified_dt":"2024-05-22T10:32:29.000Z"}},{"type":"Feature","geometry":{"type":"MultiPolygon","coordinates":[[[[-114.0816995,51.0473186],[-114.0816978,51.0473428],[-114.0817769,51.047345],[-114.0817678,51.0474734],[-114.0823298,51.0474887],[-114.0823462,51.0472665],[-114.0822914,51.047265],[-114.0822988,51.0471618],[-114.0820917,51.0471568],[-114.0820909,51.047176],[-114.082016,51.0471747],[-114.0820168,51.0471533],[-114.0817909,51.0471484],[-114.0817842,51.0472423],[-114.0817051,51.0472401],[-114.0817025,51.047276],[-114.0816995,51.0473186]],[[-114.0821893,51.0474587],[-114.081878,51.0474499],[-114.0818786,51.0474331],[-114.0818198,51.0474322],[-114.0818211,51.047397],[-114.0817991,51.0473962],[-114.0818096,51.0472261],[-114.0818342,51.0472264],[-114.0818356,51.0471911],[-114.0818971,51.047192],[-114.0818976,51.0471771],[-114.0822087,51.0471854],[-114.0822078,51.0472024],[-114.082268,51.0472033],[-114.0822659,51.0472387],[-114.0822878,51.0472391],[-114.0822775,51.0474092],[-114.0822524,51.0474094],[-114.0822507,51.0474433],[-114.0821899,51.0474424],[-114.0821893,51.0474587]]]]},"properties":{"structure_type":"Enclosed","posted_clearance":null,"modified_dt":"2024-05-22T10:32:29.000Z"}},{"type":"Feature","geometry":{"type":"MultiPolygon","coordinates":[[[[-114.0702962,51.0462403],[-114.0702927,51.0462816],[-114.0702893,51.0463229],[-114.0703209,51.0463242],[-114.0703365,51.0463314],[-114.0703788,51.0463319],[-114.07039,51.0463259],[-114.0704262,51.0463263],[-114.0704273,51.0462851],[-114.0704285,51.0462439],[-114.0704478,51.0462335],[-114.0705526,51.0462366],[-114.0705584,51.0461554],[-114.0704533,51.0461524],[-114.0704373,51.0461417],[-114.0704455,51.0460375],[-114.0704237,51.0460368],[-114.0704093,51.046027],[-114.0703543,51.0460254],[-114.0703409,51.0460342],[-114.0703108,51.0460337],[-114.070302,51.0461396],[-114.0702735,51.0461614],[-114.0702635,51.0461886],[-114.0702713,51.0462138],[-114.0702871,51.0462331],[-114.0702962,51.0462403]]]]},"properties":{"structure_type":"Bridge Enclosed","posted_clearance":"4.7","modified_dt":"2024-05-22T10:32:29.000Z"}},{"type":"Feature","geometry":{"type":"MultiPolygon","coordinates":[[[[-114.0708753,51.0490552],[-114.0709747,51.049057],[-114.0709756,51.049045],[-114.0709768,51.0490272],[-114.0708776,51.0490245],[-114.0708769,51.0490343],[-114.0708753,51.0490552]]]]},"properties":{"structure_type":"Bridge Enclosed","posted_clearance":null,"modified_dt":"2024-05-22T10:32:29.000Z"}},{"type":"Feature","geometry":{"type":"MultiPolygon","coordinates":[[[[-114.0713535,51.0462604],[-114.0714358,51.0462628],[-114.0714515,51.0462744],[-114.0714496,51.0464252],[-114.0714743,51.0464254],[-114.0714899,51.0464334],[-114.0715478,51.0464344],[-114.07156,51.0464254],[-114.0715874,51.0464251],[-114.0715849,51.0462738],[-114.07161,51.0462527],[-114.0716197,51.0462285],[-114.0716143,51.0462033],[-114.0715959,51.0461813],[-114.0715853,51.0461755],[-114.0715867,51.046036],[-114.0715627,51.0460357],[-114.0715457,51.0460271],[-114.07149,51.0460268],[-114.0714741,51.0460352],[-114.0714488,51.0460356],[-114.0714488,51.0461738],[-114.0714383,51.0461804],[-114.0713533,51.046178],[-114.0713535,51.0462604]]]]},"properties":{"structure_type":"Bridge Enclosed","posted_clearance":"4.5","modified_dt":"2024-05-22T10:32:29.000Z"}},{"type":"Feature","geometry":{"type":"MultiPolygon","coordinates":[[[[-114.0785262,51.0473569],[-114.0788707,51.0473657],[-114.078874,51.0473123],[-114.0785284,51.0473038],[-114.0785262,51.0473569]]]]},"properties":{"structure_type":"Bridge Enclosed","posted_clearance":"4.7","modified_dt":"2024-05-22T10:32:29.000Z"}},{"type":"Feature","geometry":{"type":"MultiPolygon","coordinates":[[[[-114.0598613,51.0471327],[-114.0598563,51.0472032],[-114.059921,51.0472042],[-114.0599235,51.0471676],[-114.0599029,51.0471669],[-114.0599069,51.0471188],[-114.0599094,51.0471189],[-114.0599125,51.0470834],[-114.0599157,51.0470463],[-114.0600159,51.0470492],[-114.060017,51.0470317],[-114.0600114,51.0470315],[-114.0600167,51.0469507],[-114.0600247,51.0469509],[-114.0600249,51.0469509],[-114.0600284,51.0469066],[-114.0600302,51.0468838],[-114.0600221,51.0468835],[-114.0599962,51.0468827],[-114.059465,51.0468661],[-114.0594616,51.0468993],[-114.0597537,51.046908],[-114.059867,51.0469869],[-114.0598633,51.0470823],[-114.0598613,51.0471327]]]]},"properties":{"structure_type":"Open to Sky","posted_clearance":null,"modified_dt":"2024-05-22T10:32:29.000Z"}},{"type":"Feature","geometry":{"type":"MultiPolygon","coordinates":[[[[-114.0731835,51.0488003],[-114.0732574,51.0488023],[-114.0732732,51.0487029],[-114.073296,51.0486912],[-114.0732785,51.0486762],[-114.0732961,51.0485526],[-114.0732207,51.0485504],[-114.0732207,51.0485507],[-114.0732019,51.0486722],[-114.0731788,51.0486839],[-114.0731977,51.0487004],[-114.0731835,51.0488003]]]]},"properties":{"structure_type":"Bridge Enclosed","posted_clearance":"4.6","modified_dt":"2024-05-22T10:32:29.000Z"}},{"type":"Feature","geometry":{"type":"MultiPolygon","coordinates":[[[[-114.0727292,51.0488304],[-114.0727087,51.0491205],[-114.0726332,51.0491183],[-114.0726331,51.0491185],[-114.0727423,51.0491215],[-114.0727632,51.0488265],[-114.0728688,51.0488289],[-114.0728679,51.0488425],[-114.0732778,51.0488541],[-114.0732816,51.048803],[-114.0732574,51.0488023],[-114.0731835,51.0488003],[-114.0728712,51.0487917],[-114.0728705,51.048803],[-114.072731,51.0487988],[-114.0727292,51.0488304]]]]},"properties":{"structure_type":"Enclosed","posted_clearance":null,"modified_dt":"2024-05-22T10:32:29.000Z"}},{"type":"Feature","geometry":{"type":"MultiPolygon","coordinates":[[[[-114.0784556,51.0483009],[-114.0784139,51.0482999],[-114.0784168,51.0482587],[-114.0783699,51.0482579],[-114.0783666,51.0482982],[-114.0783516,51.0482978],[-114.0780804,51.0482906],[-114.0780558,51.0482899],[-114.0780502,51.0482897],[-114.0780474,51.0483219],[-114.078078,51.0483224],[-114.0781056,51.0483232],[-114.078153,51.0483245],[-114.0784116,51.0483314],[-114.0784532,51.0483327],[-114.0784536,51.0483268],[-114.0784556,51.0483009]]]]},"properties":{"structure_type":null,"posted_clearance":null,"modified_dt":"2024-05-22T10:32:29.000Z"}},{"type":"Feature","geometry":{"type":"MultiPolygon","coordinates":[[[[-114.0672729,51.0480405],[-114.0672679,51.0480839],[-114.0672696,51.048084],[-114.0672729,51.0480405]]]]},"properties":{"structure_type":"Enclosed","posted_clearance":null,"modified_dt":"2024-05-22T10:32:29.000Z"}},{"type":"Feature","geometry":{"type":"MultiPolygon","coordinates":[[[[-114.0717441,51.0500901],[-114.0717435,51.0500993],[-114.0717233,51.0500988],[-114.0717158,51.0502087],[-114.0717783,51.0502104],[-114.0717828,51.050147],[-114.0718023,51.0501475],[-114.071805,51.050101],[-114.0718547,51.0501023],[-114.0718582,51.0500474],[-114.071747,51.0500446],[-114.0717468,51.0500505],[-114.0717441,51.0500901]]]]},"properties":{"structure_type":"Enclosed","posted_clearance":null,"modified_dt":"2024-05-22T10:32:29.000Z"}},{"type":"Feature","geometry":{"type":"MultiPolygon","coordinates":[[[[-114.0708231,51.0497348],[-114.0708941,51.0497369],[-114.0709142,51.0494622],[-114.0709163,51.0494333],[-114.0708864,51.0494324],[-114.070843,51.0494312],[-114.0708409,51.0494609],[-114.0708231,51.0497113],[-114.0708231,51.0497348]]]]},"properties":{"structure_type":"Bridge Enclosed","posted_clearance":"4.3","modified_dt":"2024-05-22T10:32:29.000Z"}},{"type":"Feature","geometry":{"type":"MultiPolygon","coordinates":[[[[-114.0633485,51.0494661],[-114.06334,51.0494659],[-114.0633169,51.0497792],[-114.0633154,51.049827],[-114.0638511,51.0498444],[-114.0638395,51.0500072],[-114.0640625,51.0500139],[-114.0641315,51.050015],[-114.0646612,51.0500306],[-114.0646639,51.049993],[-114.0647206,51.0499946],[-114.0647229,51.0499634],[-114.0647711,51.0499648],[-114.0647737,51.0499291],[-114.0649263,51.0499341],[-114.0649287,51.0498957],[-114.0648781,51.049894],[-114.0648816,51.0498441],[-114.0646681,51.049838],[-114.0646611,51.0499386],[-114.0646167,51.0499372],[-114.0646171,51.0499331],[-114.0641881,51.0499213],[-114.0641878,51.0499248],[-114.0641431,51.0499234],[-114.0641412,51.0499519],[-114.0641341,51.0499518],[-114.0641334,51.0499623],[-114.0640634,51.049962],[-114.0639346,51.0499584],[-114.0639392,51.0498934],[-114.0639847,51.0498948],[-114.0639866,51.0498666],[-114.0639928,51.0498668],[-114.0639984,51.0497943],[-114.063487,51.0497778],[-114.0634359,51.0497382],[-114.0634491,51.0495753],[-114.063453,51.0495045],[-114.063529,51.0495066],[-114.063534,51.0494715],[-114.0634247,51.0494683],[-114.0633485,51.0494661]]]]},"properties":{"structure_type":"Enclosed","posted_clearance":null,"modified_dt":"2024-05-22T10:32:29.000Z"}},{"type":"Feature","geometry":{"type":"MultiPolygon","coordinates":[[[[-114.0693016,51.0497157],[-114.0692907,51.0499656],[-114.0697646,51.0499788],[-114.0698909,51.0500142],[-114.0698925,51.0499852],[-114.0697816,51.0499534],[-114.0693495,51.0499408],[-114.0693662,51.0497175],[-114.0693016,51.0497157]]]]},"properties":{"structure_type":"Enclosed","posted_clearance":null,"modified_dt":"2024-05-22T10:32:29.000Z"}},{"type":"Feature","geometry":{"type":"MultiPolygon","coordinates":[[[[-114.0693016,51.0497157],[-114.0693662,51.0497175],[-114.0693875,51.0494178],[-114.0693283,51.0494161],[-114.0693307,51.049394],[-114.0693245,51.0493939],[-114.0693016,51.0497157]]]]},"properties":{"structure_type":"Bridge Enclosed","posted_clearance":"4.4","modified_dt":"2024-05-22T10:32:29.000Z"}},{"type":"Feature","geometry":{"type":"MultiPolygon","coordinates":[[[[-114.0805087,51.0494596],[-114.080505,51.0495233],[-114.0805945,51.0495257],[-114.080603,51.0493996],[-114.0800696,51.0493854],[-114.0800614,51.0495115],[-114.0801524,51.0495139],[-114.0801524,51.0495129],[-114.0801569,51.04945],[-114.0805087,51.0494596]]]]},"properties":{"structure_type":"Open to Sky","posted_clearance":null,"modified_dt":"2024-05-22T10:32:29.000Z"}},{"type":"Feature","geometry":{"type":"MultiPolygon","coordinates":[[[[-114.0721407,51.0500546],[-114.072238,51.0500572],[-114.0722571,51.0497452],[-114.0721986,51.0497437],[-114.0721984,51.0497494],[-114.072198,51.0497553],[-114.0721949,51.0498019],[-114.0721795,51.0500327],[-114.0721407,51.0500546]]]]},"properties":{"structure_type":"Open to Sky","posted_clearance":null,"modified_dt":"2024-05-22T10:32:29.000Z"}},{"type":"Feature","geometry":{"type":"MultiPolygon","coordinates":[[[[-114.0589154,51.0495188],[-114.0589989,51.0495213],[-114.0590023,51.0494757],[-114.0590307,51.0490976],[-114.0591002,51.0491001],[-114.0591697,51.0491026],[-114.0591717,51.0490747],[-114.0590344,51.0490706],[-114.0590347,51.0490669],[-114.0589672,51.049065],[-114.0589669,51.049069],[-114.0589652,51.0490912],[-114.0589372,51.0494575],[-114.0589059,51.0494757],[-114.0588582,51.0495034],[-114.0588587,51.0495171],[-114.0589154,51.0495188]]]]},"properties":{"structure_type":"Bridge Enclosed","posted_clearance":"5.3","modified_dt":"2024-05-22T10:32:29.000Z"}},{"type":"Feature","geometry":{"type":"MultiPolygon","coordinates":[[[[-114.0683655,51.050567],[-114.0681844,51.0505588],[-114.0681882,51.0506028],[-114.068358,51.0506027],[-114.0683451,51.0507906],[-114.0681696,51.0507871],[-114.0679866,51.0507789],[-114.0679771,51.0507694],[-114.0678545,51.0507504],[-114.0678532,51.0507588],[-114.0677458,51.0507558],[-114.067745,51.0507612],[-114.0677866,51.0507619],[-114.0677846,51.0508157],[-114.0678496,51.0508159],[-114.0678583,51.0508277],[-114.0683414,51.0508298],[-114.0683265,51.0509619],[-114.0681661,51.0509608],[-114.0681587,51.0510559],[-114.0680493,51.0510821],[-114.0679946,51.0510774],[-114.0679833,51.051125],[-114.0681361,51.0511261],[-114.0681436,51.0510892],[-114.0683342,51.0510986],[-114.0683473,51.0510118],[-114.0684247,51.0510165],[-114.0684377,51.0508726],[-114.0684207,51.050869],[-114.0684637,51.0505812],[-114.068441,51.0505717],[-114.0683655,51.050567]]]]},"properties":{"structure_type":null,"posted_clearance":null,"modified_dt":"2024-05-22T10:32:29.000Z"}},{"type":"Feature","geometry":{"type":"MultiPolygon","coordinates":[[[[-114.0708882,51.0494099],[-114.0707288,51.0494053],[-114.0707264,51.0494572],[-114.0708409,51.0494609],[-114.070843,51.0494312],[-114.0708864,51.0494324],[-114.0708882,51.0494099]]]]},"properties":{"structure_type":"Open to Sky","posted_clearance":null,"modified_dt":"2024-05-22T10:32:29.000Z"}},{"type":"Feature","geometry":{"type":"MultiPolygon","coordinates":[[[[-114.0679583,51.0490566],[-114.0679081,51.0490598],[-114.0678885,51.0490752],[-114.067901,51.0491562],[-114.0678806,51.0491728],[-114.067893,51.0492539],[-114.0678736,51.0492683],[-114.0678869,51.049358],[-114.0679134,51.0493708],[-114.0679571,51.0492634],[-114.0679774,51.0492491],[-114.067965,51.049168],[-114.0679839,51.0491519],[-114.0679861,51.0491256],[-114.0680532,51.0490507],[-114.0680764,51.0490634],[-114.0681631,51.0490577],[-114.0681878,51.0490704],[-114.0683173,51.0490621],[-114.0683407,51.0490748],[-114.0683501,51.0491356],[-114.0683548,51.0491666],[-114.0683351,51.0491809],[-114.0683476,51.0492633],[-114.068328,51.049279],[-114.0683369,51.0493417],[-114.0683393,51.0493535],[-114.068376,51.0493497],[-114.0683857,51.0492079],[-114.0683992,51.0490266],[-114.068727,51.0490363],[-114.0687313,51.0490129],[-114.0687342,51.0489728],[-114.0687367,51.0489485],[-114.0686423,51.0489081],[-114.0681647,51.0488944],[-114.0680538,51.0489583],[-114.0678968,51.0489538],[-114.0678922,51.0490105],[-114.0679515,51.0490123],[-114.0679583,51.0490566]]]]},"properties":{"structure_type":"Enclosed","posted_clearance":null,"modified_dt":"2024-05-22T10:32:29.000Z"}},{"type":"Feature","geometry":{"type":"MultiPolygon","coordinates":[[[[-114.07935,51.0493083],[-114.0808464,51.0493509],[-114.0808565,51.0492066],[-114.0807765,51.0492045],[-114.0807702,51.0492932],[-114.0807175,51.0492917],[-114.0807165,51.0493058],[-114.0806228,51.0493032],[-114.0806223,51.0493105],[-114.0804035,51.0493043],[-114.0804041,51.0492969],[-114.0803105,51.0492942],[-114.0803116,51.04928],[-114.0802578,51.0492785],[-114.0802697,51.0491131],[-114.0800642,51.0491081],[-114.0800513,51.0492721],[-114.0800014,51.0492705],[-114.0800003,51.0492854],[-114.0799063,51.0492825],[-114.0799057,51.0492898],[-114.0796871,51.049283],[-114.0796877,51.0492755],[-114.0795941,51.0492726],[-114.0795952,51.049259],[-114.0795423,51.0492573],[-114.0795552,51.0490935],[-114.0795644,51.0489794],[-114.0794368,51.048976],[-114.0794337,51.0490165],[-114.0793713,51.0490147],[-114.0793541,51.0492506],[-114.07935,51.0493083]]]]},"properties":{"structure_type":"Open to Sky","posted_clearance":null,"modified_dt":"2024-05-22T10:32:29.000Z"}},{"type":"Feature","geometry":{"type":"MultiPolygon","coordinates":[[[[-114.0793541,51.0492506],[-114.0792556,51.0492478],[-114.0792324,51.0492469],[-114.0792045,51.0492215],[-114.0792176,51.0490386],[-114.0791735,51.0490374],[-114.0788504,51.0492359],[-114.0787403,51.0492329],[-114.0787382,51.0492618],[-114.0787456,51.0492664],[-114.0787762,51.0492673],[-114.0787756,51.0492742],[-114.0788048,51.0492925],[-114.0789957,51.049298],[-114.0789984,51.0492568],[-114.0790632,51.0492586],[-114.0790601,51.0492999],[-114.07935,51.0493083],[-114.0793541,51.0492506]]]]},"properties":{"structure_type":"Enclosed","posted_clearance":null,"modified_dt":"2024-05-22T10:32:29.000Z"}},{"type":"Feature","geometry":{"type":"MultiPolygon","coordinates":[[[[-114.0634408,51.049247],[-114.06345,51.0492473],[-114.0634521,51.0492121],[-114.0634787,51.049213],[-114.0634848,51.049132],[-114.0634823,51.049132],[-114.063487,51.0490852],[-114.0633296,51.0490812],[-114.0633289,51.0490888],[-114.063186,51.0490854],[-114.0631825,51.0491398],[-114.0632042,51.0491404],[-114.0631993,51.0492051],[-114.063358,51.0492097],[-114.0633555,51.0492444],[-114.0633629,51.0492447],[-114.0634408,51.049247]]]]},"properties":{"structure_type":"Enclosed","posted_clearance":null,"modified_dt":"2024-05-22T10:32:29.000Z"}},{"type":"Feature","geometry":{"type":"MultiPolygon","coordinates":[[[[-114.0789465,51.0473985],[-114.0790222,51.0474003],[-114.0790266,51.0473293],[-114.0794163,51.0470979],[-114.079418,51.0470749],[-114.0793233,51.0470723],[-114.0793208,51.0470996],[-114.0792528,51.04714],[-114.0792505,51.0471414],[-114.0791958,51.0471064],[-114.079165,51.0471248],[-114.0792149,51.0471576],[-114.078955,51.0473147],[-114.078874,51.0473123],[-114.0788707,51.0473657],[-114.0789402,51.0473677],[-114.0789378,51.0473982],[-114.0789465,51.0473985]]]]},"properties":{"structure_type":"Enclosed","posted_clearance":null,"modified_dt":"2024-05-22T10:32:29.000Z"}},{"type":"Feature","geometry":{"type":"MultiPolygon","coordinates":[[[[-114.0615223,51.0487998],[-114.0615074,51.0490315],[-114.0612594,51.0491767],[-114.0612688,51.0491851],[-114.0616576,51.0491974],[-114.0616846,51.0488328],[-114.0616183,51.0488311],[-114.0616203,51.0488027],[-114.0615223,51.0487998]]]]},"properties":{"structure_type":"Open to Sky","posted_clearance":null,"modified_dt":"2024-05-22T10:32:29.000Z"}},{"type":"Feature","geometry":{"type":"MultiPolygon","coordinates":[[[[-114.07133,51.0491072],[-114.0713501,51.0491077],[-114.0717276,51.0491166],[-114.0717311,51.0490662],[-114.0717063,51.0490656],[-114.0717062,51.0490596],[-114.0713343,51.0490511],[-114.07133,51.0491072]]]]},"properties":{"structure_type":"Bridge Enclosed","posted_clearance":"4.5","modified_dt":"2024-05-22T10:32:29.000Z"}},{"type":"Feature","geometry":{"type":"MultiPolygon","coordinates":[[[[-114.0636478,51.0478429],[-114.0640585,51.047855],[-114.0640636,51.047786],[-114.0640886,51.0477868],[-114.0641554,51.0477888],[-114.0641574,51.0477635],[-114.06416,51.0477307],[-114.0636568,51.0477142],[-114.0636478,51.0478429]]]]},"properties":{"structure_type":"Open to Sky","posted_clearance":null,"modified_dt":"2024-05-22T10:32:29.000Z"}},{"type":"Feature","geometry":{"type":"MultiPolygon","coordinates":[[[[-114.0589669,51.049069],[-114.0587899,51.0490645],[-114.0587876,51.0491122],[-114.0588992,51.0491145],[-114.058901,51.0490892],[-114.0589652,51.0490912],[-114.0589669,51.049069]]]]},"properties":{"structure_type":"Bridge Enclosed","posted_clearance":null,"modified_dt":"2024-05-22T10:32:29.000Z"}},{"type":"Feature","geometry":{"type":"MultiPolygon","coordinates":[[[[-114.0716702,51.0453429],[-114.0716702,51.0453003],[-114.0713577,51.0452912],[-114.0713421,51.0452905],[-114.0713417,51.0452949],[-114.0708448,51.0452801],[-114.0708408,51.0453248],[-114.0709354,51.0453274],[-114.0709356,51.0453245],[-114.0713545,51.0453368],[-114.0713547,51.0453334],[-114.0716702,51.0453429]]]]},"properties":{"structure_type":"Bridge Enclosed","posted_clearance":"5.7","modified_dt":"2024-05-22T10:32:29.000Z"}},{"type":"Feature","geometry":{"type":"MultiPolygon","coordinates":[[[[-114.0638433,51.0486661],[-114.0639812,51.0486701],[-114.063983,51.0486464],[-114.0639861,51.0486067],[-114.0639902,51.0485543],[-114.0639086,51.0485518],[-114.063909,51.048531],[-114.0637759,51.0485265],[-114.0637126,51.0485249],[-114.0637049,51.0485247],[-114.0637021,51.048573],[-114.0636631,51.0485724],[-114.0636594,51.0486204],[-114.0636965,51.0486215],[-114.0636934,51.0486617],[-114.0637287,51.0486627],[-114.0638433,51.0486661]]]]},"properties":{"structure_type":"Enclosed","posted_clearance":null,"modified_dt":"2024-05-22T10:32:29.000Z"}},{"type":"Feature","geometry":{"type":"MultiPolygon","coordinates":[[[[-114.0605622,51.0488077],[-114.0605605,51.0488324],[-114.0606171,51.048834],[-114.0606266,51.048842],[-114.0606318,51.048763],[-114.0606363,51.0487604],[-114.0605657,51.0487584],[-114.0605622,51.0488077]]]]},"properties":{"structure_type":"Enclosed","posted_clearance":null,"modified_dt":"2024-05-22T10:32:29.000Z"}},{"type":"Feature","geometry":{"type":"MultiPolygon","coordinates":[[[[-114.0687234,51.0467731],[-114.0688267,51.0467738],[-114.069047,51.0465599],[-114.0689493,51.0465572],[-114.0687234,51.0467731]]]]},"properties":{"structure_type":"Bridge Enclosed","posted_clearance":"4.7","modified_dt":"2024-05-22T10:32:29.000Z"}},{"type":"Feature","geometry":{"type":"MultiPolygon","coordinates":[[[[-114.0739993,51.0481135],[-114.0739925,51.0482072],[-114.0740626,51.0482098],[-114.0740696,51.0481155],[-114.0739993,51.0481135]]]]},"properties":{"structure_type":"Bridge Enclosed","posted_clearance":null,"modified_dt":"2024-05-23T08:15:53.000Z"}},{"type":"Feature","geometry":{"type":"MultiPolygon","coordinates":[[[[-114.0734556,51.0481345],[-114.0734549,51.0481409],[-114.0734523,51.0481408],[-114.0734569,51.0480839],[-114.073374,51.048081],[-114.0733745,51.0480747],[-114.0733356,51.0480734],[-114.0733428,51.0479797],[-114.0733242,51.0479789],[-114.0733134,51.0479844],[-114.0733105,51.0480146],[-114.0732923,51.0480143],[-114.0732881,51.0480652],[-114.0732877,51.0480718],[-114.073283,51.0481248],[-114.073435,51.0481299],[-114.0734337,51.0481487],[-114.0734541,51.0481493],[-114.0734519,51.0481783],[-114.0734558,51.0481786],[-114.0734548,51.0481922],[-114.0735284,51.0481943],[-114.0735322,51.048135],[-114.0734614,51.0481329],[-114.0734612,51.0481347],[-114.0734556,51.0481345]]]]},"properties":{"structure_type":"Enclosed","posted_clearance":null,"modified_dt":"2024-05-23T08:18:25.000Z"}},{"type":"Feature","geometry":{"type":"MultiPolygon","coordinates":[[[[-114.0566895,51.0473912],[-114.0567066,51.047149],[-114.0566336,51.0471471],[-114.0566177,51.0473892],[-114.0566895,51.0473912]]]]},"properties":{"structure_type":"Bridge Enclosed","posted_clearance":"4.6","modified_dt":"2024-05-23T08:17:12.000Z"}},{"type":"Feature","geometry":{"type":"MultiPolygon","coordinates":[[[[-114.0635898,51.0470166],[-114.0635939,51.0469341],[-114.0635142,51.0469332],[-114.0635132,51.0470144],[-114.0635898,51.0470166]]]]},"properties":{"structure_type":"Bridge Enclosed","posted_clearance":null,"modified_dt":"2024-05-23T08:17:03.000Z"}},{"type":"Feature","geometry":{"type":"MultiPolygon","coordinates":[[[[-114.073944,51.0511601],[-114.0732271,51.0511479],[-114.0732271,51.0511893],[-114.0739406,51.0512106],[-114.073944,51.0511601]]]]},"properties":{"structure_type":"Bridge Enclosed","posted_clearance":"4.8","modified_dt":"2024-05-23T08:16:58.000Z"}},{"type":"Feature","geometry":{"type":"MultiPolygon","coordinates":[[[[-114.0535044,51.044689],[-114.0534855,51.0446759],[-114.0534695,51.0446575],[-114.0534638,51.0446391],[-114.0534685,51.0446153],[-114.0534788,51.044598],[-114.0534968,51.0445867],[-114.0535109,51.0445772],[-114.0534807,51.0445856],[-114.0534505,51.0445909],[-114.053409,51.0445945],[-114.0533524,51.0445975],[-114.0532911,51.0445958],[-114.0532175,51.0445904],[-114.0531572,51.0445786],[-114.0531072,51.0445643],[-114.0530628,51.0445441],[-114.0530354,51.0445233],[-114.0530156,51.0445013],[-114.0529995,51.0444776],[-114.0529875,51.044713],[-114.0529998,51.0446982],[-114.0530243,51.0446821],[-114.0530552,51.0446736],[-114.053095,51.0446654],[-114.0531646,51.0446615],[-114.0532378,51.0446593],[-114.0533087,51.0446597],[-114.0533835,51.0446654],[-114.05345,51.0446751],[-114.0535044,51.044689]]]]},"properties":{"structure_type":"Bridge Enclosed","posted_clearance":null,"modified_dt":"2024-05-23T08:15:51.000Z"}},{"type":"Feature","geometry":{"type":"MultiPolygon","coordinates":[[[[-114.0789465,51.0473985],[-114.0789437,51.0474544],[-114.0790199,51.0474563],[-114.0790222,51.0474003],[-114.0789465,51.0473985]]]]},"properties":{"structure_type":"Bridge Enclosed","posted_clearance":"4.7","modified_dt":"2024-05-23T08:16:56.000Z"}},{"type":"Feature","geometry":{"type":"MultiPolygon","coordinates":[[[[-114.0751493,51.0482959],[-114.0754772,51.0483078],[-114.0758001,51.0483172],[-114.075806,51.0482604],[-114.0751531,51.0482412],[-114.0750451,51.0482384],[-114.0750448,51.0482514],[-114.0750227,51.0482507],[-114.075022,51.0482648],[-114.0750011,51.0482643],[-114.0750001,51.0482777],[-114.0742796,51.0482585],[-114.0742807,51.0482438],[-114.074259,51.0482429],[-114.0742599,51.0482295],[-114.0742385,51.0482288],[-114.0742391,51.0482158],[-114.0740626,51.0482098],[-114.0739925,51.0482072],[-114.0738828,51.0482047],[-114.0738824,51.0482092],[-114.073879,51.0482568],[-114.0751493,51.0482959]]]]},"properties":{"structure_type":"Bridge Enclosed","posted_clearance":null,"modified_dt":"2024-05-23T08:17:33.000Z"}},{"type":"Feature","geometry":{"type":"MultiPolygon","coordinates":[[[[-114.0684168,51.0444368],[-114.0684189,51.0444104],[-114.0683242,51.0444074],[-114.0683193,51.0444679],[-114.0683107,51.0444812],[-114.0682947,51.0444944],[-114.06828,51.0445084],[-114.0682615,51.0445216],[-114.0682406,51.0445332],[-114.0682221,51.0445418],[-114.0682049,51.0445496],[-114.0681815,51.0445566],[-114.0681556,51.0445644],[-114.0681285,51.044569],[-114.0681026,51.0445722],[-114.068078,51.0445753],[-114.0680607,51.0445753],[-114.0678196,51.044568],[-114.067819,51.0445765],[-114.0677308,51.0445736],[-114.0677269,51.044611],[-114.068071,51.0446183],[-114.0680909,51.0446168],[-114.0681141,51.0446147],[-114.0681378,51.0446122],[-114.0681621,51.0446075],[-114.0681853,51.0446025],[-114.068208,51.0445961],[-114.0682346,51.0445879],[-114.0682611,51.0445764],[-114.0682809,51.0445664],[-114.068306,51.0445537],[-114.0683301,51.0445389],[-114.0683573,51.0445157],[-114.0683782,51.0444911],[-114.0683906,51.0444715],[-114.068414,51.0444721],[-114.0684151,51.0444579],[-114.0684168,51.0444368]]]]},"properties":{"structure_type":"Enclosed","posted_clearance":null,"modified_dt":"2024-05-23T08:18:19.000Z"}},{"type":"Feature","geometry":{"type":"MultiPolygon","coordinates":[[[[-114.0677866,51.0507619],[-114.067745,51.0507612],[-114.0677464,51.0507514],[-114.067444,51.0507443],[-114.0674403,51.0507558],[-114.0673629,51.0507546],[-114.0673602,51.0508084],[-114.0674385,51.0508114],[-114.0674379,51.050824],[-114.0677435,51.0508315],[-114.0677432,51.0508207],[-114.0677843,51.0508207],[-114.0677866,51.0507619]]]]},"properties":{"structure_type":"Bridge Enclosed","posted_clearance":"6.0","modified_dt":"2024-05-23T08:17:37.000Z"}},{"type":"Feature","geometry":{"type":"MultiPolygon","coordinates":[[[[-114.0667268,51.0467608],[-114.0668009,51.0467639],[-114.0668087,51.0466523],[-114.0668191,51.0465155],[-114.0668198,51.0465018],[-114.0667471,51.0465],[-114.0667268,51.0467608]]]]},"properties":{"structure_type":"Bridge Enclosed","posted_clearance":"4.8","modified_dt":"2024-05-23T08:17:29.000Z"}},{"type":"Feature","geometry":{"type":"MultiPolygon","coordinates":[[[[-114.0666079,51.047403],[-114.0666021,51.0474779],[-114.0666001,51.0475198],[-114.066593,51.04761],[-114.0665876,51.0476854],[-114.0666328,51.0476867],[-114.0666672,51.0476877],[-114.0666873,51.0474053],[-114.0666079,51.047403]]]]},"properties":{"structure_type":"Bridge Enclosed","posted_clearance":"5.2","modified_dt":"2024-05-23T08:17:17.000Z"}},{"type":"Feature","geometry":{"type":"MultiPolygon","coordinates":[[[[-114.0725782,51.0488261],[-114.0726337,51.0488277],[-114.0726337,51.0488276],[-114.0726468,51.048828],[-114.0726906,51.0488293],[-114.0726905,51.0488296],[-114.0726905,51.0488305],[-114.0727292,51.0488304],[-114.072731,51.0487988],[-114.0725794,51.0487942],[-114.0725782,51.0488261]]]]},"properties":{"structure_type":"Bridge Enclosed","posted_clearance":null,"modified_dt":"2024-05-23T08:17:30.000Z"}},{"type":"Feature","geometry":{"type":"MultiPolygon","coordinates":[[[[-114.0772956,51.0452057],[-114.0773794,51.0452083],[-114.0774032,51.0449018],[-114.0773187,51.0448993],[-114.0773177,51.0449125],[-114.0773156,51.0449407],[-114.0773154,51.0449437],[-114.0773046,51.0450863],[-114.0772956,51.0452057]]]]},"properties":{"structure_type":"Bridge Enclosed","posted_clearance":"4.5","modified_dt":"2024-05-23T08:17:23.000Z"}},{"type":"Feature","geometry":{"type":"MultiPolygon","coordinates":[[[[-114.0743497,51.0463726],[-114.0744442,51.0463753],[-114.0744493,51.0463213],[-114.0741753,51.0463125],[-114.0732563,51.0462893],[-114.0732557,51.0462989],[-114.0732543,51.0463144],[-114.0732535,51.0463405],[-114.0732566,51.0463406],[-114.0735014,51.0463491],[-114.0740754,51.0463655],[-114.0743497,51.0463726]]]]},"properties":{"structure_type":"Bridge Enclosed","posted_clearance":"4.8","modified_dt":"2024-05-23T08:17:27.000Z"}},{"type":"Feature","geometry":{"type":"MultiPolygon","coordinates":[[[[-114.0666873,51.0474053],[-114.066776,51.0474081],[-114.0668001,51.0470996],[-114.0665989,51.0470939],[-114.0665975,51.047087],[-114.0665744,51.0470857],[-114.0665958,51.0468051],[-114.0665984,51.0468014],[-114.0666044,51.0467993],[-114.0668208,51.0468056],[-114.0668247,51.0467647],[-114.0668009,51.0467639],[-114.0667268,51.0467608],[-114.0666176,51.046758],[-114.066603,51.0467582],[-114.0665898,51.0467595],[-114.0665759,51.0467624],[-114.066566,51.0467657],[-114.0665567,51.0467707],[-114.0665481,51.0467758],[-114.0665415,51.0467816],[-114.0665369,51.0467895],[-114.0665336,51.046797],[-114.0665309,51.0468116],[-114.0665167,51.0469992],[-114.0665167,51.0470205],[-114.0664962,51.0470205],[-114.0664799,51.0472374],[-114.0664747,51.0473173],[-114.0664702,51.047363],[-114.0664828,51.047363],[-114.0664867,51.0473718],[-114.0664947,51.0473801],[-114.0665046,51.047388],[-114.0665172,51.0473943],[-114.0665338,51.0473997],[-114.066553,51.0474014],[-114.0665755,51.0474026],[-114.0666079,51.047403],[-114.0666873,51.0474053]]]]},"properties":{"structure_type":"Enclosed","posted_clearance":null,"modified_dt":"2024-05-23T08:18:33.000Z"}},{"type":"Feature","geometry":{"type":"MultiPolygon","coordinates":[[[[-114.071859,50.9975923],[-114.0718619,50.997539],[-114.0710568,50.9975262],[-114.0710554,50.9975738],[-114.071859,50.9975923]]]]},"properties":{"structure_type":"Bridge Enclosed","posted_clearance":"5.6","modified_dt":"2024-05-23T08:17:15.000Z"}},{"type":"Feature","geometry":{"type":"MultiPolygon","coordinates":[[[[-114.0721407,51.0500546],[-114.0718582,51.0500474],[-114.0718547,51.0501023],[-114.07245,51.0501215],[-114.0724519,51.0500642],[-114.072238,51.0500572],[-114.0721407,51.0500546]]]]},"properties":{"structure_type":"Bridge Open to Sky","posted_clearance":"4.3","modified_dt":"2024-05-23T08:18:16.000Z"}},{"type":"Feature","geometry":{"type":"MultiPolygon","coordinates":[[[[-114.0732164,51.048501],[-114.0731663,51.0484999],[-114.0731688,51.0484532],[-114.0730234,51.0484496],[-114.0730284,51.0483685],[-114.0729936,51.0483669],[-114.0729873,51.0484493],[-114.0728679,51.0484449],[-114.0728654,51.0484867],[-114.0729722,51.0484898],[-114.0729735,51.0484805],[-114.0730301,51.0484825],[-114.0730404,51.0484857],[-114.0730829,51.048495],[-114.0730694,51.048519],[-114.0730675,51.0485186],[-114.0730765,51.0485494],[-114.0732134,51.0485421],[-114.0732164,51.048501]]]]},"properties":{"structure_type":"Enclosed","posted_clearance":null,"modified_dt":"2024-05-23T08:18:21.000Z"}},{"type":"Feature","geometry":{"type":"MultiPolygon","coordinates":[[[[-114.0777188,51.0458521],[-114.0777889,51.045854],[-114.0777886,51.0458591],[-114.0780049,51.0458649],[-114.0780057,51.0458649],[-114.0780085,51.0458273],[-114.0778506,51.045823],[-114.0777244,51.0458193],[-114.0777188,51.0458521]]]]},"properties":{"structure_type":"Bridge Enclosed","posted_clearance":null,"modified_dt":"2024-05-23T08:17:21.000Z"}},{"type":"Feature","geometry":{"type":"MultiPolygon","coordinates":[[[[-114.0780152,51.0483777],[-114.0781013,51.0483801],[-114.0781056,51.0483232],[-114.078078,51.0483224],[-114.0780474,51.0483219],[-114.0769613,51.048292],[-114.0767805,51.048287],[-114.0763887,51.0482754],[-114.0763848,51.0483313],[-114.0767297,51.0483408],[-114.0768578,51.0483447],[-114.0770591,51.0483503],[-114.0770576,51.0483694],[-114.0773102,51.0483771],[-114.0773118,51.0483583],[-114.0780152,51.0483777]]]]},"properties":{"structure_type":"Bridge Enclosed","posted_clearance":"4.1","modified_dt":"2024-05-23T08:17:07.000Z"}},{"type":"Feature","geometry":{"type":"MultiPolygon","coordinates":[[[[-114.0644539,51.0441996],[-114.0644563,51.0441672],[-114.0642913,51.0441619],[-114.0642912,51.0441562],[-114.0641171,51.0441504],[-114.0641147,51.0441673],[-114.064044,51.0441651],[-114.0640246,51.0441524],[-114.0640209,51.0441988],[-114.0641341,51.0442025],[-114.0641568,51.0441894],[-114.0644539,51.0441996]]]]},"properties":{"structure_type":"Enclosed","posted_clearance":null,"modified_dt":"2024-05-23T08:18:34.000Z"}},{"type":"Feature","geometry":{"type":"MultiPolygon","coordinates":[[[[-114.0723063,51.0490633],[-114.072306,51.0490633],[-114.0723052,51.0490729],[-114.0723025,51.0491091],[-114.0720982,51.0491028],[-114.0719155,51.049098],[-114.0718484,51.0490963],[-114.0718442,51.0491514],[-114.0718416,51.0491849],[-114.0717441,51.0491828],[-114.0717395,51.0492477],[-114.0719407,51.0492534],[-114.0719438,51.0492252],[-114.0723422,51.0492366],[-114.0723398,51.049265],[-114.0723781,51.0492659],[-114.0723747,51.0493129],[-114.072442,51.0493146],[-114.0724447,51.0492751],[-114.0724494,51.0492022],[-114.0727666,51.0492109],[-114.0727453,51.0494962],[-114.0727442,51.0495132],[-114.0729742,51.0495208],[-114.0728955,51.0494647],[-114.072914,51.0492155],[-114.0733738,51.0492287],[-114.0734555,51.0492861],[-114.0734672,51.0490912],[-114.0734669,51.0490871],[-114.0728531,51.04907],[-114.0728679,51.0488425],[-114.0728688,51.0488289],[-114.0727632,51.0488265],[-114.0727423,51.0491215],[-114.0726331,51.0491185],[-114.0725707,51.0491169],[-114.0724435,51.0491131],[-114.0724436,51.049113],[-114.0723031,51.049109],[-114.0723063,51.0490633]]]]},"properties":{"structure_type":"Bridge Open to Sky","posted_clearance":"4.2","modified_dt":"2024-05-23T08:17:55.000Z"}},{"type":"Feature","geometry":{"type":"MultiPolygon","coordinates":[[[[-114.0751092,51.0489225],[-114.0750865,51.0492149],[-114.0758092,51.0492359],[-114.0758204,51.0491897],[-114.0757995,51.0491749],[-114.0757803,51.0491882],[-114.0751884,51.0491725],[-114.075169,51.0491587],[-114.0751877,51.0489138],[-114.0751607,51.0489132],[-114.0751637,51.0488773],[-114.0751129,51.0488754],[-114.0751092,51.0489225]]]]},"properties":{"structure_type":"Bridge Enclosed","posted_clearance":"4.6","modified_dt":"2024-05-23T08:16:02.000Z"}},{"type":"Feature","geometry":{"type":"MultiPolygon","coordinates":[[[[-114.0734555,51.0492861],[-114.0733738,51.0492287],[-114.072914,51.0492155],[-114.0728955,51.0494647],[-114.0729742,51.0495208],[-114.0730375,51.049522],[-114.0730382,51.0495099],[-114.0729961,51.0494796],[-114.0730001,51.049443],[-114.07299,51.0494367],[-114.0729986,51.0493476],[-114.0730099,51.04934],[-114.0730125,51.0493034],[-114.0730358,51.0492896],[-114.0730739,51.0492908],[-114.0730859,51.0492845],[-114.0732239,51.0492886],[-114.0732339,51.049297],[-114.0732307,51.049339],[-114.0732273,51.0493411],[-114.0732254,51.0493689],[-114.0732641,51.0493701],[-114.073266,51.0493415],[-114.0732607,51.0493394],[-114.0732646,51.0492961],[-114.0732766,51.0492902],[-114.0733853,51.0492935],[-114.073394,51.0493015],[-114.0733921,51.0493272],[-114.0734081,51.0493394],[-114.0734508,51.049341],[-114.0734555,51.0492861]]]]},"properties":{"structure_type":"Enclosed","posted_clearance":null,"modified_dt":"2024-05-23T08:18:23.000Z"}},{"type":"Feature","geometry":{"type":"MultiPolygon","coordinates":[[[[-114.080252,51.0487553],[-114.0803245,51.0487576],[-114.0803464,51.0484456],[-114.0803391,51.0484454],[-114.0803427,51.0483844],[-114.0803506,51.0483846],[-114.080351,51.048379],[-114.0803715,51.0480779],[-114.0803153,51.0480761],[-114.0802927,51.0483851],[-114.0803112,51.0483854],[-114.0803091,51.0484435],[-114.0802708,51.0484424],[-114.080252,51.0487553]]]]},"properties":{"structure_type":"Bridge Open to Sky","posted_clearance":"4.3","modified_dt":"2024-05-23T08:17:53.000Z"}},{"type":"Feature","geometry":{"type":"MultiPolygon","coordinates":[[[[-113.9556338,51.0764305],[-113.9552579,51.0761879],[-113.9552083,51.0761879],[-113.9552083,51.0762216],[-113.9555837,51.076462],[-113.9556338,51.0764305]]]]},"properties":{"structure_type":"Bridge Enclosed","posted_clearance":"4.5","modified_dt":"2024-05-23T08:17:35.000Z"}},{"type":"Feature","geometry":{"type":"MultiPolygon","coordinates":[[[[-114.0683619,51.0505668],[-114.068441,51.0505717],[-114.0684486,51.0505345],[-114.0684687,51.0505355],[-114.0684962,51.0503735],[-114.0684866,51.0503729],[-114.0684909,51.0503229],[-114.0684268,51.0503211],[-114.0684213,51.0503655],[-114.068381,51.0503636],[-114.0683502,51.0505255],[-114.0683682,51.0505264],[-114.0683619,51.0505668]]]]},"properties":{"structure_type":"Bridge Enclosed","posted_clearance":"5.5","modified_dt":"2024-05-23T08:17:47.000Z"}},{"type":"Feature","geometry":{"type":"MultiPolygon","coordinates":[[[[-114.0760147,51.0463662],[-114.0760196,51.0463019],[-114.0759864,51.0462761],[-114.0759892,51.0462435],[-114.0759552,51.0462424],[-114.0759522,51.0462861],[-114.0759862,51.0463117],[-114.0759817,51.0463652],[-114.0760147,51.0463662]]]]},"properties":{"structure_type":"Enclosed","posted_clearance":null,"modified_dt":"2024-05-23T08:18:30.000Z"}},{"type":"Feature","geometry":{"type":"MultiPolygon","coordinates":[[[[-114.0708247,51.0507056],[-114.0708164,51.0507929],[-114.0708266,51.0507868],[-114.0708461,51.0507748],[-114.0708669,51.0507889],[-114.0708854,51.0508014],[-114.0708961,51.0506751],[-114.0708286,51.0506282],[-114.0708176,51.0506279],[-114.0708165,51.0506404],[-114.0707455,51.0506385],[-114.070764,51.0503461],[-114.0707676,51.0502899],[-114.0706887,51.0502875],[-114.0706588,51.0506677],[-114.0707279,51.0507152],[-114.0707398,51.0507156],[-114.0707409,51.0507032],[-114.0708118,51.0507051],[-114.0708247,51.0507056]]]]},"properties":{"structure_type":"Bridge Enclosed","posted_clearance":"6.3","modified_dt":"2024-05-22T10:32:29.000Z"}},{"type":"Feature","geometry":{"type":"MultiPolygon","coordinates":[[[[-114.0678968,51.0499545],[-114.0679001,51.0499028],[-114.0674122,51.0498885],[-114.0674084,51.0499416],[-114.0678968,51.0499545]]]]},"properties":{"structure_type":"Bridge Enclosed","posted_clearance":"5.4","modified_dt":"2024-05-22T10:32:29.000Z"}},{"type":"Feature","geometry":{"type":"MultiPolygon","coordinates":[[[[-114.073761,51.0454078],[-114.0742128,51.0454213],[-114.0742166,51.0453665],[-114.074145,51.0453643],[-114.0737644,51.0453531],[-114.0737607,51.0454077],[-114.073761,51.0454078]]]]},"properties":{"structure_type":"Bridge Enclosed","posted_clearance":"4.8","modified_dt":"2024-05-22T10:32:29.000Z"}},{"type":"Feature","geometry":{"type":"MultiPolygon","coordinates":[[[[-114.070317,51.0500003],[-114.0699049,51.0499887],[-114.0698925,51.0499852],[-114.0698909,51.0500142],[-114.0698961,51.0500157],[-114.0699582,51.0500177],[-114.0699571,51.0500369],[-114.07035,51.0500479],[-114.0703538,51.0500015],[-114.0703538,51.0500014],[-114.070317,51.0500003]]]]},"properties":{"structure_type":"Bridge Enclosed","posted_clearance":"5.6","modified_dt":"2024-05-22T10:32:29.000Z"}},{"type":"Feature","geometry":{"type":"MultiPolygon","coordinates":[[[[-114.0706738,51.0517166],[-114.0707003,51.0517173],[-114.0707359,51.0517183],[-114.0708039,51.0517201],[-114.0708068,51.0516885],[-114.0707665,51.0516871],[-114.0707965,51.0512492],[-114.0707623,51.0512694],[-114.0707324,51.051249],[-114.0707087,51.0515716],[-114.0707032,51.0516658],[-114.0707008,51.0516839],[-114.070676,51.0516828],[-114.0706738,51.0517166]]]]},"properties":{"structure_type":"Bridge Enclosed","posted_clearance":"4.7","modified_dt":"2024-05-22T10:32:29.000Z"}},{"type":"Feature","geometry":{"type":"MultiPolygon","coordinates":[[[[-114.0682656,51.0451896],[-114.0681362,51.0451854],[-114.0681359,51.0451877],[-114.0677599,51.045177],[-114.0677604,51.0451676],[-114.0676395,51.0451636],[-114.0676399,51.0451467],[-114.0674661,51.0451417],[-114.0674639,51.0451718],[-114.0674437,51.0451713],[-114.0674413,51.0452204],[-114.0681323,51.0452392],[-114.0681327,51.045234],[-114.0682622,51.0452392],[-114.0682656,51.0451896]]]]},"properties":{"structure_type":"Bridge Enclosed","posted_clearance":"5.0","modified_dt":"2024-05-22T10:32:29.000Z"}},{"type":"Feature","geometry":{"type":"MultiPolygon","coordinates":[[[[-114.0667731,51.0505114],[-114.0667879,51.0502918],[-114.0667227,51.0502899],[-114.0667078,51.0505093],[-114.0667731,51.0505114]]]]},"properties":{"structure_type":"Bridge Enclosed","posted_clearance":"5.5","modified_dt":"2024-05-22T10:32:29.000Z"}},{"type":"Feature","geometry":{"type":"MultiPolygon","coordinates":[[[[-114.0728666,51.0459395],[-114.072939,51.0459414],[-114.0729505,51.0457415],[-114.0728779,51.0457389],[-114.0728666,51.0459395]]]]},"properties":{"structure_type":"Bridge Enclosed","posted_clearance":"4.8","modified_dt":"2024-05-22T10:32:29.000Z"}},{"type":"Feature","geometry":{"type":"MultiPolygon","coordinates":[[[[-114.0703528,51.0490453],[-114.0702928,51.0490434],[-114.0702889,51.0490967],[-114.0700309,51.049089],[-114.0700275,51.0491367],[-114.0703435,51.0491461],[-114.0703477,51.0490838],[-114.0704086,51.0490853],[-114.0704114,51.049047],[-114.0703528,51.0490453]]]]},"properties":{"structure_type":"Bridge Enclosed","posted_clearance":"4.6","modified_dt":"2024-05-22T10:32:29.000Z"}},{"type":"Feature","geometry":{"type":"MultiPolygon","coordinates":[[[[-114.0649245,51.0487328],[-114.0654788,51.0487477],[-114.0654816,51.0487084],[-114.0649307,51.0486928],[-114.0649245,51.0487328]]]]},"properties":{"structure_type":"Bridge Enclosed","posted_clearance":"4.5","modified_dt":"2024-05-22T10:32:29.000Z"}},{"type":"Feature","geometry":{"type":"MultiPolygon","coordinates":[[[[-114.06168,51.0454041],[-114.0616799,51.0454047],[-114.0616795,51.045413],[-114.0616624,51.0456009],[-114.0616622,51.0456036],[-114.0617439,51.0456058],[-114.0617594,51.0455561],[-114.0617674,51.0455057],[-114.0617678,51.0454551],[-114.0617606,51.0454046],[-114.06168,51.0454041]]]]},"properties":{"structure_type":"Bridge Enclosed","posted_clearance":"5.0","modified_dt":"2024-05-22T10:32:29.000Z"}},{"type":"Feature","geometry":{"type":"MultiPolygon","coordinates":[[[[-114.0705992,51.045239],[-114.0705936,51.0453181],[-114.0706608,51.0453199],[-114.0706673,51.0452413],[-114.0705992,51.045239]]]]},"properties":{"structure_type":"Bridge Enclosed","posted_clearance":"4.8","modified_dt":"2024-05-22T10:32:29.000Z"}},{"type":"Feature","geometry":{"type":"MultiPolygon","coordinates":[[[[-114.0663217,51.0492399],[-114.0662433,51.0492378],[-114.0662391,51.0492929],[-114.0662585,51.0492939],[-114.0662466,51.0493888],[-114.0662408,51.0493887],[-114.0662315,51.0494505],[-114.0662377,51.0494509],[-114.0662245,51.0495463],[-114.0662191,51.0495461],[-114.0662151,51.0496265],[-114.0663193,51.0496294],[-114.0663187,51.0496154],[-114.0663276,51.0496156],[-114.0663278,51.049608],[-114.0663209,51.0495492],[-114.0663342,51.0494562],[-114.0663397,51.0494566],[-114.0663486,51.0493943],[-114.0663424,51.0493939],[-114.0663549,51.0492965],[-114.0663685,51.0492967],[-114.0663928,51.0493121],[-114.0663925,51.0492418],[-114.0663884,51.0492417],[-114.0663217,51.0492399]]]]},"properties":{"structure_type":"Bridge Enclosed","posted_clearance":"4.6","modified_dt":"2024-05-22T10:32:29.000Z"}},{"type":"Feature","geometry":{"type":"MultiPolygon","coordinates":[[[[-114.0633485,51.0494661],[-114.0634247,51.0494683],[-114.0634329,51.0493709],[-114.0634551,51.0493576],[-114.0634346,51.0493434],[-114.0634408,51.049247],[-114.0633629,51.0492447],[-114.0633531,51.0493415],[-114.0633321,51.0493534],[-114.0633531,51.0493678],[-114.0633485,51.0494661]]]]},"properties":{"structure_type":"Bridge Enclosed","posted_clearance":"5.1","modified_dt":"2024-05-22T10:32:29.000Z"}},{"type":"Feature","geometry":{"type":"MultiPolygon","coordinates":[[[[-114.0758092,51.0492359],[-114.0758076,51.0492611],[-114.076283,51.0492747],[-114.0762865,51.0492273],[-114.0758841,51.0492152],[-114.0758859,51.0491921],[-114.0758204,51.0491897],[-114.0758092,51.0492359]]]]},"properties":{"structure_type":"Bridge Enclosed","posted_clearance":"4.6","modified_dt":"2024-05-22T10:32:29.000Z"}},{"type":"Feature","geometry":{"type":"MultiPolygon","coordinates":[[[[-114.0673523,51.0490422],[-114.0679081,51.0490598],[-114.0679583,51.0490566],[-114.0679515,51.0490123],[-114.0678922,51.0490105],[-114.0672529,51.0489903],[-114.0673199,51.0490353],[-114.067343,51.049036],[-114.0673523,51.0490422]]]]},"properties":{"structure_type":"Bridge Enclosed","posted_clearance":"4.6","modified_dt":"2024-05-22T10:32:29.000Z"}},{"type":"Feature","geometry":{"type":"MultiPolygon","coordinates":[[[[-114.075039,51.0486291],[-114.0750265,51.048852],[-114.0750252,51.0489189],[-114.0751092,51.0489225],[-114.0751129,51.0488754],[-114.0751127,51.048852],[-114.0751256,51.0486325],[-114.075039,51.0486291]]]]},"properties":{"structure_type":"Bridge Enclosed","posted_clearance":"4.6","modified_dt":"2024-05-22T10:32:29.000Z"}},{"type":"Feature","geometry":{"type":"MultiPolygon","coordinates":[[[[-114.0695743,51.0487215],[-114.069575,51.0487215],[-114.0695855,51.0485805],[-114.0695934,51.0484755],[-114.0695961,51.0484395],[-114.0695209,51.0484374],[-114.0695183,51.0484731],[-114.0695106,51.0485783],[-114.0695003,51.0487195],[-114.0695096,51.0487197],[-114.0695118,51.0486921],[-114.0695756,51.048694],[-114.0695743,51.0487215]]]]},"properties":{"structure_type":"Bridge Enclosed","posted_clearance":"4.8","modified_dt":"2024-05-22T10:32:29.000Z"}},{"type":"Feature","geometry":{"type":"MultiPolygon","coordinates":[[[[-114.0637126,51.0485249],[-114.0637759,51.0485265],[-114.0637855,51.0483886],[-114.0637952,51.04825],[-114.063731,51.0482479],[-114.0637218,51.0483868],[-114.0637126,51.0485249]]]]},"properties":{"structure_type":"Bridge Enclosed","posted_clearance":"4.8","modified_dt":"2024-05-22T10:32:29.000Z"}},{"type":"Feature","geometry":{"type":"MultiPolygon","coordinates":[[[[-114.0725794,51.0487942],[-114.0725692,51.0487939],[-114.0725284,51.0488125],[-114.0724985,51.0488119],[-114.0724976,51.0488266],[-114.0724739,51.0488389],[-114.0723949,51.048837],[-114.07237,51.0488213],[-114.0723585,51.0488286],[-114.072358,51.0488362],[-114.0723223,51.0488353],[-114.0723212,51.0488902],[-114.0724425,51.0488931],[-114.0724365,51.0489784],[-114.0723127,51.0489755],[-114.0723108,51.0490021],[-114.0722859,51.0490014],[-114.0723007,51.0488074],[-114.072151,51.0488032],[-114.0721488,51.048831],[-114.0722102,51.0488327],[-114.072192,51.0490697],[-114.0717318,51.0490566],[-114.0717311,51.0490662],[-114.0717276,51.0491166],[-114.0717325,51.0491167],[-114.0717299,51.0491488],[-114.0718442,51.0491514],[-114.0718484,51.0490963],[-114.0719155,51.049098],[-114.0720982,51.0491028],[-114.0723025,51.0491091],[-114.0723052,51.0490729],[-114.072306,51.0490633],[-114.0723798,51.0490651],[-114.0724314,51.0490206],[-114.0726386,51.0490255],[-114.0726404,51.0490009],[-114.0725717,51.048999],[-114.0725729,51.0489823],[-114.0724795,51.0489796],[-114.0724855,51.0488951],[-114.0725193,51.0488961],[-114.0725205,51.0488795],[-114.0725196,51.048879],[-114.0725359,51.0488687],[-114.0725371,51.048852],[-114.0725782,51.0488261],[-114.0725794,51.0487942]]]]},"properties":{"structure_type":"Enclosed","posted_clearance":null,"modified_dt":"2024-05-22T10:32:29.000Z"}},{"type":"Feature","geometry":{"type":"MultiPolygon","coordinates":[[[[-114.066387,51.0486033],[-114.0664738,51.0486057],[-114.0664832,51.0484774],[-114.0664926,51.0483491],[-114.0664489,51.0483478],[-114.0664385,51.0483475],[-114.0664055,51.0483466],[-114.0663963,51.0484747],[-114.066387,51.0486033]]]]},"properties":{"structure_type":"Bridge Enclosed","posted_clearance":"4.7","modified_dt":"2024-05-22T10:32:29.000Z"}},{"type":"Feature","geometry":{"type":"MultiPolygon","coordinates":[[[[-114.0707745,51.0453574],[-114.0707779,51.0453581],[-114.070781,51.0453591],[-114.0707839,51.0453604],[-114.0707864,51.045362],[-114.0707884,51.0453639],[-114.07079,51.0453659],[-114.070791,51.045368],[-114.0707914,51.0453702],[-114.0707913,51.0453725],[-114.070791,51.0453778],[-114.0707791,51.0455248],[-114.0708512,51.0455272],[-114.0708535,51.0454992],[-114.0708267,51.0454983],[-114.0708363,51.0453794],[-114.0708368,51.0453737],[-114.0708375,51.0453713],[-114.0708387,51.045369],[-114.0708405,51.0453668],[-114.0708428,51.0453649],[-114.0708455,51.0453632],[-114.0708487,51.0453618],[-114.0708521,51.0453607],[-114.0708558,51.04536],[-114.0709323,51.0453625],[-114.0709324,51.0453611],[-114.0709327,51.0453574],[-114.0709354,51.0453274],[-114.0706659,51.0453201],[-114.0705894,51.045318],[-114.0705874,51.0453513],[-114.0707745,51.0453574]]]]},"properties":{"structure_type":"Enclosed","posted_clearance":null,"modified_dt":"2024-05-22T10:32:29.000Z"}},{"type":"Feature","geometry":{"type":"MultiPolygon","coordinates":[[[[-114.07288,51.0457197],[-114.0728779,51.0457389],[-114.0729505,51.0457415],[-114.0729537,51.0457216],[-114.0729694,51.0457216],[-114.0729694,51.0457196],[-114.0732284,51.0457261],[-114.0732295,51.0457221],[-114.0732432,51.0457228],[-114.0732442,51.0457108],[-114.0732294,51.0456604],[-114.0731094,51.0456572],[-114.0731155,51.045539],[-114.0731776,51.045541],[-114.0731639,51.0454972],[-114.0735408,51.0455069],[-114.0736002,51.0454739],[-114.0737129,51.0454101],[-114.0737129,51.0454061],[-114.0737607,51.0454077],[-114.0737644,51.0453531],[-114.0737068,51.0453509],[-114.0737085,51.0453306],[-114.0736241,51.0453279],[-114.0736226,51.0453503],[-114.0736741,51.0453519],[-114.0736742,51.0453746],[-114.0735556,51.0454421],[-114.073517,51.0454644],[-114.0731501,51.0454541],[-114.0731496,51.0454541],[-114.0730222,51.0454495],[-114.073038,51.0454694],[-114.0729443,51.0454661],[-114.0729412,51.0454867],[-114.0728762,51.0454851],[-114.0728085,51.0454835],[-114.0728096,51.0454622],[-114.0727148,51.0454596],[-114.0727379,51.045441],[-114.0726105,51.0454365],[-114.0726021,51.0454541],[-114.07224,51.0454447],[-114.0722178,51.0454168],[-114.0721978,51.0453943],[-114.0722029,51.0453186],[-114.0717393,51.0453065],[-114.0717441,51.0452418],[-114.0717249,51.0452413],[-114.071721,51.0453018],[-114.0716702,51.0453003],[-114.0716702,51.0453429],[-114.0717018,51.0453439],[-114.0717012,51.0453485],[-114.0717103,51.0453488],[-114.0720188,51.0453572],[-114.0720126,51.0454415],[-114.0721617,51.0454445],[-114.0721958,51.0454858],[-114.0725812,51.0454978],[-114.0725686,51.0455241],[-114.0726233,51.0455247],[-114.0726151,51.0456429],[-114.072494,51.0456396],[-114.0724709,51.0456874],[-114.0724699,51.0457],[-114.0724825,51.0457013],[-114.0724825,51.0457053],[-114.072858,51.0457189],[-114.07288,51.0457197]],[[-114.0728838,51.0456649],[-114.0728442,51.0456638],[-114.0728332,51.04553],[-114.0729094,51.0455321],[-114.0728838,51.0456649]]]]},"properties":{"structure_type":"Enclosed","posted_clearance":null,"modified_dt":"2024-05-22T10:32:29.000Z"}},{"type":"Feature","geometry":{"type":"MultiPolygon","coordinates":[[[[-114.0676302,51.047077],[-114.0676237,51.047186],[-114.0677096,51.0471885],[-114.06771,51.0471794],[-114.0677121,51.0471341],[-114.0677145,51.0470796],[-114.0676302,51.047077]]]]},"properties":{"structure_type":"Enclosed","posted_clearance":null,"modified_dt":"2024-05-22T10:32:29.000Z"}},{"type":"Feature","geometry":{"type":"MultiPolygon","coordinates":[[[[-114.0565822,51.0468069],[-114.0568539,51.0468168],[-114.0568573,51.046769],[-114.0568565,51.046769],[-114.0568707,51.0465409],[-114.0570185,51.0465453],[-114.0570257,51.0464379],[-114.0570157,51.0464377],[-114.0569463,51.0464359],[-114.0569424,51.0464982],[-114.0567966,51.046494],[-114.0567749,51.0467662],[-114.0567746,51.0467662],[-114.0565844,51.0467613],[-114.0565822,51.0468069]]]]},"properties":{"structure_type":"Enclosed","posted_clearance":null,"modified_dt":"2024-05-22T10:32:29.000Z"}},{"type":"Feature","geometry":{"type":"MultiPolygon","coordinates":[[[[-114.0777913,51.0473662],[-114.0780221,51.0473728],[-114.0780281,51.0473731],[-114.0785235,51.0473862],[-114.0785262,51.0473569],[-114.0785284,51.0473038],[-114.0785287,51.0472995],[-114.0783883,51.0472955],[-114.0783664,51.0472807],[-114.0783733,51.0471986],[-114.0782977,51.0471967],[-114.0782959,51.0472174],[-114.0782531,51.0472164],[-114.0782559,51.0471782],[-114.0782196,51.0471769],[-114.0782164,51.0472149],[-114.0780937,51.0472118],[-114.0780981,51.0471591],[-114.0780145,51.0471568],[-114.0780144,51.0471407],[-114.0780213,51.047061],[-114.0779077,51.047058],[-114.0779012,51.0471377],[-114.0778879,51.0472999],[-114.0777957,51.0472977],[-114.077795,51.0473084],[-114.0777913,51.0473662]],[[-114.0782935,51.0472366],[-114.0782882,51.0473233],[-114.0782586,51.0473223],[-114.0780313,51.0473157],[-114.0780272,51.0473157],[-114.0779707,51.0473142],[-114.0779764,51.0472539],[-114.0780011,51.0472544],[-114.0780035,51.0472274],[-114.0782935,51.0472366]]]]},"properties":{"structure_type":"Enclosed","posted_clearance":null,"modified_dt":"2024-05-22T10:32:29.000Z"}},{"type":"Feature","geometry":{"type":"MultiPolygon","coordinates":[[[[-114.0570396,51.0449759],[-114.0569694,51.046167],[-114.0570359,51.0461683],[-114.0570458,51.0461685],[-114.0570632,51.0459405],[-114.0570872,51.0459412],[-114.0571271,51.0453961],[-114.0571532,51.045026],[-114.0571569,51.0449796],[-114.0571228,51.0449786],[-114.0570396,51.0449759]]]]},"properties":{"structure_type":"Enclosed","posted_clearance":null,"modified_dt":"2024-05-22T10:32:29.000Z"}},{"type":"Feature","geometry":{"type":"MultiPolygon","coordinates":[[[[-114.0704907,51.0472129],[-114.0704907,51.0472136],[-114.0704865,51.0472643],[-114.0705225,51.0472655],[-114.0705264,51.0472147],[-114.0705265,51.0472139],[-114.0704907,51.0472129]]]]},"properties":{"structure_type":"Bridge Enclosed","posted_clearance":null,"modified_dt":"2024-05-22T10:32:29.000Z"}},{"type":"Feature","geometry":{"type":"MultiPolygon","coordinates":[[[[-114.0571228,51.0449786],[-114.0571261,51.0449233],[-114.0572263,51.0449256],[-114.0572245,51.0449517],[-114.0572366,51.044952],[-114.0572356,51.0449664],[-114.0573136,51.0449687],[-114.0573146,51.0449536],[-114.0573268,51.044954],[-114.0573286,51.0449283],[-114.0573939,51.0449299],[-114.0573934,51.04494],[-114.0574347,51.0449408],[-114.0574351,51.0449309],[-114.0574773,51.044932],[-114.0574813,51.0448928],[-114.0575463,51.0448945],[-114.0575494,51.0449055],[-114.0575533,51.0449105],[-114.0575588,51.0449157],[-114.0575614,51.0449168],[-114.0575743,51.0449222],[-114.0575893,51.0449239],[-114.0576021,51.0449233],[-114.0576173,51.0449186],[-114.0576271,51.0449128],[-114.0576326,51.0449072],[-114.0576369,51.0448975],[-114.0577015,51.0448992],[-114.0576989,51.0449396],[-114.0577418,51.0449407],[-114.0577413,51.0449496],[-114.0577812,51.0449506],[-114.0577818,51.044942],[-114.05785,51.0449437],[-114.0578473,51.0449846],[-114.0579396,51.0449871],[-114.0579425,51.0449429],[-114.0579456,51.0448976],[-114.0579486,51.0448523],[-114.0578562,51.0448499],[-114.0578537,51.0448904],[-114.0577871,51.0448887],[-114.05779,51.0448477],[-114.0576404,51.0448438],[-114.0576412,51.0448312],[-114.05755,51.0448288],[-114.0575492,51.0448412],[-114.0573999,51.0448371],[-114.0573972,51.0448773],[-114.0573322,51.0448756],[-114.057334,51.0448492],[-114.0573221,51.0448489],[-114.0573231,51.0448347],[-114.0572437,51.0448322],[-114.0572425,51.0448465],[-114.0572319,51.0448463],[-114.0572301,51.0448718],[-114.05713,51.044869],[-114.0571306,51.0448608],[-114.0570902,51.0448597],[-114.0570897,51.0448678],[-114.0570475,51.0448667],[-114.0570461,51.0448786],[-114.0570397,51.0449744],[-114.0570396,51.0449759],[-114.0571228,51.0449786]]]]},"properties":{"structure_type":"Enclosed","posted_clearance":null,"modified_dt":"2024-05-22T10:32:29.000Z"}},{"type":"Feature","geometry":{"type":"MultiPolygon","coordinates":[[[[-114.0693628,51.0477395],[-114.0694427,51.0477406],[-114.0694585,51.0475213],[-114.0694584,51.0475212],[-114.0694559,51.0475211],[-114.0693836,51.0475194],[-114.0693786,51.0475193],[-114.0693628,51.0477395]]]]},"properties":{"structure_type":"Bridge Enclosed","posted_clearance":"4.6","modified_dt":"2024-05-22T10:32:29.000Z"}},{"type":"Feature","geometry":{"type":"MultiPolygon","coordinates":[[[[-114.0706024,51.0451941],[-114.070344,51.0451861],[-114.0703414,51.0452217],[-114.0703408,51.0452311],[-114.0705992,51.045239],[-114.0706024,51.0451941]]]]},"properties":{"structure_type":"Bridge Enclosed","posted_clearance":"4.8","modified_dt":"2024-05-22T10:32:29.000Z"}},{"type":"Feature","geometry":{"type":"MultiPolygon","coordinates":[[[[-114.0686065,51.0500437],[-114.0686094,51.0500034],[-114.0681504,51.0499913],[-114.0681526,51.0499636],[-114.0681417,51.049963],[-114.0681432,51.0499402],[-114.0680807,51.0499384],[-114.0680765,51.0499886],[-114.0680096,51.0499863],[-114.0680163,51.0498774],[-114.0679768,51.0498599],[-114.0679747,51.0498854],[-114.0679026,51.0498831],[-114.0679001,51.0499028],[-114.0678968,51.0499545],[-114.0678963,51.0499636],[-114.0679462,51.0499649],[-114.0679416,51.0500258],[-114.0684472,51.0500399],[-114.0684268,51.0503211],[-114.0684909,51.0503229],[-114.068511,51.0500412],[-114.0686065,51.0500437]]]]},"properties":{"structure_type":"Enclosed","posted_clearance":null,"modified_dt":"2024-05-22T10:32:29.000Z"}},{"type":"Feature","geometry":{"type":"MultiPolygon","coordinates":[[[[-114.0708231,51.0497113],[-114.0703384,51.0496972],[-114.070317,51.0500003],[-114.0703538,51.0500014],[-114.0703724,51.0497766],[-114.0703916,51.0497768],[-114.0703939,51.049736],[-114.0704588,51.0497372],[-114.0704598,51.0497245],[-114.0708231,51.0497348],[-114.0708231,51.0497113]]]]},"properties":{"structure_type":null,"posted_clearance":null,"modified_dt":"2024-05-22T10:32:29.000Z"}},{"type":"Feature","geometry":{"type":"MultiPolygon","coordinates":[[[[-114.073879,51.0482568],[-114.073877,51.0482867],[-114.073882,51.0482868],[-114.0738804,51.0483144],[-114.0739142,51.0483163],[-114.0739119,51.0483428],[-114.0740783,51.048347],[-114.0740749,51.0483956],[-114.0741851,51.0483987],[-114.0742895,51.048349],[-114.0747358,51.0483617],[-114.0747334,51.0483994],[-114.0748199,51.0484018],[-114.0748145,51.048477],[-114.0750408,51.0484837],[-114.0750429,51.0484837],[-114.0750349,51.0486037],[-114.0750326,51.0486289],[-114.075039,51.0486291],[-114.0751256,51.0486325],[-114.075127,51.0486143],[-114.0751275,51.0486063],[-114.075128,51.0485987],[-114.0751493,51.0482959],[-114.073879,51.0482568]]]]},"properties":{"structure_type":"Enclosed","posted_clearance":null,"modified_dt":"2024-05-22T10:32:29.000Z"}},{"type":"Feature","geometry":{"type":"MultiPolygon","coordinates":[[[[-114.0751493,51.0482959],[-114.075128,51.0485987],[-114.0751665,51.0485999],[-114.0752199,51.0486024],[-114.0754395,51.0486087],[-114.0754422,51.0485713],[-114.0754605,51.0483172],[-114.0754772,51.0483078],[-114.0751493,51.0482959]]]]},"properties":{"structure_type":"Open to Sky","posted_clearance":null,"modified_dt":"2024-05-22T10:32:29.000Z"}},{"type":"Feature","geometry":{"type":"MultiPolygon","coordinates":[[[[-114.0761731,51.0454737],[-114.0761761,51.0454232],[-114.0761432,51.0454223],[-114.0761636,51.0451373],[-114.0761037,51.0451356],[-114.0761067,51.0450944],[-114.074362,51.0450448],[-114.074359,51.0450864],[-114.0741653,51.0450809],[-114.074145,51.0453643],[-114.0742166,51.0453665],[-114.074233,51.0451377],[-114.074442,51.0451437],[-114.074445,51.045102],[-114.0760159,51.0451467],[-114.0760129,51.045188],[-114.0760727,51.0451897],[-114.0760525,51.0454724],[-114.0761167,51.0454741],[-114.0761731,51.0454737]]]]},"properties":{"structure_type":"Enclosed","posted_clearance":null,"modified_dt":"2024-05-22T10:32:29.000Z"}},{"type":"Feature","geometry":{"type":"MultiPolygon","coordinates":[[[[-114.0618591,51.0444623],[-114.0618581,51.0444757],[-114.0618414,51.044707],[-114.061919,51.0447093],[-114.0619209,51.0446774],[-114.0619348,51.0444781],[-114.0619357,51.0444646],[-114.0618591,51.0444623]]]]},"properties":{"structure_type":"Bridge Enclosed","posted_clearance":"4.5","modified_dt":"2024-05-22T10:32:29.000Z"}},{"type":"Feature","geometry":{"type":"MultiPolygon","coordinates":[[[[-114.0591622,51.0480808],[-114.0591334,51.0484717],[-114.0589074,51.0484657],[-114.0589046,51.0485104],[-114.0590509,51.0485153],[-114.0590507,51.0485188],[-114.058951,51.0485163],[-114.0589503,51.0485402],[-114.0591977,51.0485467],[-114.0591995,51.0485261],[-114.0592005,51.0485124],[-114.0592023,51.0484895],[-114.0592028,51.0484726],[-114.0592375,51.0480825],[-114.0591622,51.0480808]]]]},"properties":{"structure_type":"Bridge Open to Sky","posted_clearance":"4.5","modified_dt":"2024-05-22T10:32:29.000Z"}},{"type":"Feature","geometry":{"type":"MultiPolygon","coordinates":[[[[-114.0598231,51.0452354],[-114.0604365,51.0452529],[-114.0604514,51.0450277],[-114.0604372,51.0450274],[-114.0604372,51.0450271],[-114.0604409,51.0449803],[-114.0604409,51.0449802],[-114.0604431,51.0449512],[-114.0603675,51.0449572],[-114.0603647,51.0449779],[-114.0603495,51.0452115],[-114.0598904,51.0451986],[-114.0599035,51.0450139],[-114.0599065,51.0449357],[-114.0592863,51.0449177],[-114.0591017,51.044946],[-114.0587007,51.0449343],[-114.0585636,51.0449294],[-114.058564,51.0449123],[-114.0585003,51.0449109],[-114.0585001,51.0449134],[-114.0584964,51.0449584],[-114.0584952,51.0449722],[-114.0587378,51.0449796],[-114.0591132,51.04499],[-114.059283,51.0449627],[-114.0598415,51.0449786],[-114.0598231,51.0452354]]]]},"properties":{"structure_type":"Enclosed","posted_clearance":null,"modified_dt":"2024-05-22T10:32:29.000Z"}},{"type":"Feature","geometry":{"type":"MultiPolygon","coordinates":[[[[-114.0614912,51.045361],[-114.0616711,51.0453658],[-114.0616776,51.0453781],[-114.0616806,51.045391],[-114.06168,51.0454041],[-114.0617606,51.0454046],[-114.0617485,51.0453622],[-114.0617311,51.0453206],[-114.0617396,51.0451547],[-114.0617434,51.0451539],[-114.0617469,51.0451526],[-114.0617501,51.045151],[-114.0617527,51.0451491],[-114.0617548,51.0451469],[-114.0617563,51.0451446],[-114.0617571,51.0451421],[-114.0617572,51.0451395],[-114.0617566,51.045137],[-114.0617553,51.0451346],[-114.0617533,51.0451323],[-114.0617508,51.0451303],[-114.0617478,51.0451286],[-114.0617444,51.0451273],[-114.0617462,51.0450986],[-114.0617366,51.0450974],[-114.0617375,51.0450809],[-114.0617462,51.0450809],[-114.0617586,51.0449413],[-114.0617489,51.0449402],[-114.0617503,51.0449211],[-114.0618062,51.0449073],[-114.0618648,51.044899],[-114.0619247,51.0448965],[-114.0619276,51.0448724],[-114.061911,51.0448715],[-114.0619134,51.0448382],[-114.0619174,51.0447838],[-114.0619123,51.0447824],[-114.061919,51.0447093],[-114.0618414,51.044707],[-114.0618387,51.0447393],[-114.0617075,51.0447357],[-114.0617061,51.0447403],[-114.0617003,51.0447403],[-114.0614524,51.0447334],[-114.0614284,51.0447147],[-114.0614284,51.044697],[-114.0609754,51.0446832],[-114.0609737,51.0447024],[-114.0609457,51.0447176],[-114.0608671,51.044716],[-114.0608517,51.0449088],[-114.0608509,51.0449193],[-114.0608443,51.0449865],[-114.06086,51.0449865],[-114.0608601,51.0449927],[-114.0609121,51.0449932],[-114.0609121,51.0449885],[-114.0609336,51.0449891],[-114.0609393,51.0449218],[-114.0609203,51.0449208],[-114.0609317,51.0447587],[-114.0610052,51.0447597],[-114.0610564,51.0447305],[-114.0611391,51.0447326],[-114.06114,51.0447461],[-114.0612557,51.0447487],[-114.0612581,51.0447356],[-114.06134,51.0447382],[-114.0613921,51.0447731],[-114.0616961,51.0447816],[-114.0616905,51.0448321],[-114.061679,51.044938],[-114.0616793,51.0449456],[-114.061659,51.044956],[-114.0616571,51.0449968],[-114.0616745,51.0450084],[-114.0616736,51.04502],[-114.0616523,51.0450316],[-114.0616504,51.0450718],[-114.0616708,51.0450871],[-114.0616698,51.0450968],[-114.0616476,51.045109],[-114.0616447,51.0451487],[-114.0616651,51.0451633],[-114.0616641,51.0451749],[-114.0616429,51.0451865],[-114.061639,51.0452255],[-114.0616574,51.0452389],[-114.0616565,51.0452517],[-114.0616343,51.0452627],[-114.0616324,51.0453237],[-114.061495,51.0453213],[-114.0614912,51.045361]],[[-114.0618376,51.0447932],[-114.0618315,51.0448635],[-114.0617316,51.0448595],[-114.0617381,51.0447899],[-114.0618376,51.0447932]]]]},"properties":{"structure_type":"Enclosed","posted_clearance":null,"modified_dt":"2024-05-22T10:32:29.000Z"}},{"type":"Feature","geometry":{"type":"MultiPolygon","coordinates":[[[[-114.0591697,51.0491026],[-114.0591693,51.0491079],[-114.060054,51.0491332],[-114.0600591,51.0490681],[-114.0600977,51.0490693],[-114.0601045,51.048975],[-114.0601188,51.0489757],[-114.0601274,51.0488575],[-114.0601318,51.0488015],[-114.0601223,51.0488012],[-114.0599585,51.0487965],[-114.0599561,51.0488263],[-114.0600753,51.0488301],[-114.0600638,51.0489953],[-114.0600202,51.0489944],[-114.0600129,51.049098],[-114.0591717,51.0490747],[-114.0591697,51.0491026]]]]},"properties":{"structure_type":"Enclosed","posted_clearance":null,"modified_dt":"2024-05-22T10:32:29.000Z"}},{"type":"Feature","geometry":{"type":"MultiPolygon","coordinates":[[[[-114.0764428,51.0464356],[-114.0764386,51.0464914],[-114.0768091,51.0465022],[-114.0768001,51.0466338],[-114.0770037,51.0466393],[-114.0770068,51.0465944],[-114.0768769,51.0465909],[-114.0768866,51.0464476],[-114.0764428,51.0464356]]]]},"properties":{"structure_type":"Enclosed","posted_clearance":null,"modified_dt":"2024-05-22T10:32:29.000Z"}},{"type":"Feature","geometry":{"type":"MultiPolygon","coordinates":[[[[-114.079487,51.0459075],[-114.0795611,51.0459094],[-114.0795673,51.0458237],[-114.0796058,51.0458248],[-114.0796235,51.045575],[-114.0795442,51.0455728],[-114.0795307,51.0457627],[-114.0794973,51.0457618],[-114.079487,51.0459075]]]]},"properties":{"structure_type":"Open to Sky","posted_clearance":null,"modified_dt":"2024-05-22T10:32:29.000Z"}},{"type":"Feature","geometry":{"type":"MultiPolygon","coordinates":[[[[-114.0798431,51.0474029],[-114.0798447,51.047423],[-114.0799234,51.0474256],[-114.0799196,51.0474062],[-114.0799224,51.0473557],[-114.0801558,51.0473631],[-114.0801574,51.0473202],[-114.0801714,51.0471246],[-114.08093,51.0471462],[-114.0809181,51.0472946],[-114.0809905,51.0472971],[-114.0810023,51.0471505],[-114.0809627,51.047119],[-114.080079,51.0470938],[-114.0800755,51.0471736],[-114.0799865,51.047171],[-114.0799817,51.0472372],[-114.0800708,51.0472397],[-114.0800652,51.0473176],[-114.079852,51.0473099],[-114.0798431,51.0474029]]]]},"properties":{"structure_type":"Enclosed","posted_clearance":null,"modified_dt":"2024-05-22T10:32:29.000Z"}},{"type":"Feature","geometry":{"type":"MultiPolygon","coordinates":[[[[-114.067162,51.0450384],[-114.0671593,51.0450779],[-114.0672665,51.0450809],[-114.0674697,51.0450868],[-114.067466,51.0451417],[-114.0676397,51.0451467],[-114.0676393,51.0451636],[-114.0677602,51.0451676],[-114.0677698,51.0451678],[-114.0677716,51.0451353],[-114.0676621,51.0451318],[-114.0676661,51.0450737],[-114.0675792,51.0450714],[-114.0675867,51.0449546],[-114.0675476,51.0449535],[-114.0675393,51.0450702],[-114.0675312,51.04507],[-114.0675321,51.0450487],[-114.0673544,51.0450441],[-114.0673602,51.0449543],[-114.0673682,51.0449546],[-114.0673685,51.0449454],[-114.0672814,51.0449429],[-114.067206,51.0449407],[-114.0672053,51.0449501],[-114.0672114,51.0449504],[-114.0672051,51.0450397],[-114.067162,51.0450384]],[[-114.0673141,51.0450429],[-114.0672708,51.0450415],[-114.0672421,51.0450407],[-114.0672483,51.0449514],[-114.0672804,51.0449523],[-114.0673198,51.0449532],[-114.0673141,51.0450429]]]]},"properties":{"structure_type":"Enclosed","posted_clearance":null,"modified_dt":"2024-05-22T10:32:29.000Z"}},{"type":"Feature","geometry":{"type":"MultiPolygon","coordinates":[[[[-114.0675314,51.048092],[-114.0675372,51.0480387],[-114.067274,51.0480308],[-114.0672737,51.0480308],[-114.0672783,51.0479705],[-114.0672739,51.0479668],[-114.0672344,51.0479341],[-114.0671784,51.0479695],[-114.0666144,51.0479548],[-114.0666237,51.0478208],[-114.0666328,51.0476867],[-114.0665825,51.0476853],[-114.0665655,51.0479121],[-114.0665571,51.0480242],[-114.0656411,51.0479992],[-114.0656452,51.0479374],[-114.0656282,51.0479366],[-114.0656316,51.0478874],[-114.0660247,51.0478983],[-114.0660271,51.0478584],[-114.0658284,51.0478528],[-114.0658326,51.0477923],[-114.0656938,51.0477883],[-114.0656896,51.0478488],[-114.0655217,51.0478441],[-114.0655188,51.0478843],[-114.0655553,51.0478854],[-114.0655519,51.0479345],[-114.0655068,51.0479332],[-114.0655046,51.0479679],[-114.0655013,51.0480204],[-114.0654994,51.0480534],[-114.0655434,51.0480553],[-114.065619,51.0480574],[-114.0656368,51.0480577],[-114.0662701,51.0480772],[-114.0664018,51.0481669],[-114.0663896,51.0483458],[-114.0663943,51.0483459],[-114.0664055,51.0483463],[-114.0664055,51.0483466],[-114.0664385,51.0483475],[-114.0664489,51.0483478],[-114.0664666,51.048129],[-114.0666478,51.0481339],[-114.0666512,51.0480885],[-114.0671507,51.0481024],[-114.0672174,51.0481504],[-114.0672655,51.0481134],[-114.0672674,51.0481118],[-114.0672696,51.048084],[-114.0675314,51.048092]],[[-114.0670808,51.0480387],[-114.0670683,51.0480585],[-114.0670419,51.0480717],[-114.0670085,51.0480748],[-114.0669771,51.0480669],[-114.0669561,51.0480502],[-114.0669512,51.0480292],[-114.0669637,51.0480094],[-114.0669902,51.0479962],[-114.0670236,51.0479931],[-114.067055,51.048001],[-114.0670759,51.0480177],[-114.0670808,51.0480387]]]]},"properties":{"structure_type":"Enclosed","posted_clearance":null,"modified_dt":"2024-05-22T10:32:29.000Z"}},{"type":"Feature","geometry":{"type":"MultiPolygon","coordinates":[[[[-114.0639299,51.0441845],[-114.0640492,51.0442645],[-114.0640385,51.044468],[-114.0643021,51.0444748],[-114.0643068,51.044475],[-114.0643087,51.0444505],[-114.0643046,51.0444387],[-114.0640957,51.0444346],[-114.0641079,51.0442081],[-114.0640205,51.0442045],[-114.0640246,51.0441524],[-114.06377,51.0441456],[-114.0637698,51.0441335],[-114.0637586,51.0441361],[-114.0637404,51.0441099],[-114.0636556,51.0441356],[-114.0636505,51.0441299],[-114.0636103,51.0441427],[-114.0633613,51.0441367],[-114.0633613,51.0441386],[-114.0631827,51.0441339],[-114.0631828,51.0441326],[-114.0631728,51.0441324],[-114.0631728,51.0441312],[-114.0631016,51.04413],[-114.0631015,51.044124],[-114.0630814,51.0441232],[-114.0630266,51.0440669],[-114.0629457,51.0440637],[-114.0628727,51.0440862],[-114.0628319,51.044105],[-114.0627825,51.0441357],[-114.0627188,51.0441717],[-114.0625633,51.0441667],[-114.0620379,51.044153],[-114.0620068,51.0441313],[-114.0620191,51.0440126],[-114.0619777,51.0440113],[-114.0619776,51.0440105],[-114.0619537,51.0440098],[-114.0619512,51.0440351],[-114.0619801,51.0440367],[-114.0619718,51.0441011],[-114.061884,51.0440981],[-114.0618267,51.0440955],[-114.0618381,51.0439754],[-114.0617382,51.0439721],[-114.0617265,51.0440931],[-114.0615776,51.0440883],[-114.0615709,51.0441503],[-114.0614401,51.0441469],[-114.0614297,51.0442617],[-114.0614804,51.044263],[-114.061489,51.0441724],[-114.0616082,51.044176],[-114.0615992,51.0442661],[-114.0616459,51.044268],[-114.0616538,51.0441776],[-114.061672,51.0441783],[-114.0616754,51.0441395],[-114.0618065,51.0441442],[-114.0617971,51.0442525],[-114.0617807,51.0442524],[-114.0617768,51.0442986],[-114.0618633,51.0443014],[-114.0618587,51.0443702],[-114.0618537,51.04437],[-114.0618653,51.0443767],[-114.0618591,51.0444623],[-114.0619357,51.0444646],[-114.0619365,51.044454],[-114.0619423,51.0443926],[-114.0619481,51.0443312],[-114.0619409,51.044331],[-114.0619462,51.0442615],[-114.0619498,51.0441994],[-114.062596,51.0442171],[-114.0627636,51.0442217],[-114.0628919,51.0442249],[-114.0628931,51.0442084],[-114.0629525,51.0441695],[-114.0630258,51.0441443],[-114.0630452,51.0441712],[-114.063705,51.0441858],[-114.0637388,51.0441795],[-114.0639299,51.0441845]]]]},"properties":{"structure_type":"Bridge Enclosed","posted_clearance":null,"modified_dt":"2024-05-22T10:32:29.000Z"}},{"type":"Feature","geometry":{"type":"MultiPolygon","coordinates":[[[[-114.0600249,51.0469509],[-114.0600252,51.0469509],[-114.0602615,51.0469574],[-114.0602623,51.0469452],[-114.0602645,51.0469147],[-114.0602646,51.0469132],[-114.0600284,51.0469066],[-114.0600249,51.0469509]]]]},"properties":{"structure_type":"Open to Sky","posted_clearance":null,"modified_dt":"2024-05-22T10:32:29.000Z"}},{"type":"Feature","geometry":{"type":"MultiPolygon","coordinates":[[[[-114.0732328,51.0511493],[-114.0725029,51.0511294],[-114.0725244,51.0508199],[-114.0725606,51.0508204],[-114.0725666,51.0507498],[-114.0724238,51.0507462],[-114.0724186,51.0508126],[-114.0724438,51.0508138],[-114.0724227,51.0510952],[-114.0723593,51.0510666],[-114.0723161,51.0510512],[-114.0722805,51.0510408],[-114.0722237,51.0510269],[-114.0721931,51.0510213],[-114.0721604,51.0510164],[-114.0721061,51.0510091],[-114.0721048,51.0510156],[-114.0719793,51.0510138],[-114.0719801,51.0510069],[-114.071955,51.0510084],[-114.0719248,51.0510106],[-114.0719006,51.0510132],[-114.0718754,51.0510164],[-114.0718465,51.0510215],[-114.0718039,51.0510296],[-114.0716992,51.0510265],[-114.0716987,51.0510687],[-114.0718194,51.0510712],[-114.0718319,51.0510665],[-114.0718517,51.0510623],[-114.0719305,51.0510499],[-114.071979,51.0510468],[-114.0720261,51.0510466],[-114.0720456,51.0510465],[-114.0720713,51.0510474],[-114.072102,51.0510497],[-114.0721287,51.0510525],[-114.0721551,51.0510559],[-114.0721792,51.0510603],[-114.0722041,51.0510651],[-114.07224,51.0510739],[-114.0722825,51.0510856],[-114.0723284,51.0511018],[-114.0723737,51.051122],[-114.0724293,51.0511514],[-114.0724645,51.0511769],[-114.0725004,51.0511701],[-114.0732303,51.05119],[-114.0732328,51.0511493]]]]},"properties":{"structure_type":"Enclosed","posted_clearance":null,"modified_dt":"2024-05-22T10:32:29.000Z"}},{"type":"Feature","geometry":{"type":"MultiPolygon","coordinates":[[[[-114.0694775,51.0458762],[-114.0694903,51.0458766],[-114.0695509,51.0459041],[-114.0696175,51.0458791],[-114.0696491,51.0458798],[-114.0696565,51.0457842],[-114.0696432,51.0457838],[-114.0696471,51.0457287],[-114.0696607,51.0457291],[-114.069665,51.0456729],[-114.0696786,51.0456624],[-114.0697217,51.045663],[-114.0697224,51.045647],[-114.0693705,51.0456371],[-114.0692131,51.0456327],[-114.0691568,51.0456311],[-114.0691555,51.0456482],[-114.0694533,51.0456567],[-114.0694562,51.0456581],[-114.0694714,51.0456653],[-114.0694676,51.0457246],[-114.0694784,51.0457249],[-114.0694744,51.0457776],[-114.0694637,51.0457773],[-114.0694581,51.045844],[-114.0694795,51.0458446],[-114.0694775,51.0458762]]]]},"properties":{"structure_type":"Bridge Enclosed","posted_clearance":"4.0","modified_dt":"2024-05-22T10:32:29.000Z"}},{"type":"Feature","geometry":{"type":"MultiPolygon","coordinates":[[[[-114.0808489,51.04583],[-114.0809904,51.0458351],[-114.0809923,51.0458096],[-114.081046,51.0458106],[-114.0810474,51.0457905],[-114.0809937,51.045789],[-114.0809983,51.0457254],[-114.0810779,51.0457276],[-114.0810763,51.0457512],[-114.0810502,51.0457505],[-114.0810498,51.0457567],[-114.0810932,51.045758],[-114.0810983,51.0456862],[-114.0808576,51.0456794],[-114.080857,51.0457022],[-114.080887,51.0457028],[-114.0808799,51.0458024],[-114.0808497,51.0458023],[-114.0808489,51.04583]]]]},"properties":{"structure_type":"Enclosed","posted_clearance":null,"modified_dt":"2024-05-22T10:32:29.000Z"}},{"type":"Feature","geometry":{"type":"MultiPolygon","coordinates":[[[[-114.0697224,51.045647],[-114.069732,51.0456473],[-114.0698912,51.0455487],[-114.0698966,51.0454848],[-114.0699081,51.0453243],[-114.0699155,51.0452265],[-114.0703402,51.0452395],[-114.0703414,51.0452217],[-114.0703447,51.045176],[-114.0703454,51.045167],[-114.0700782,51.0451594],[-114.0700774,51.0451702],[-114.0699205,51.0451666],[-114.0697904,51.0451625],[-114.0697877,51.0451989],[-114.0698441,51.0452377],[-114.0698412,51.0452679],[-114.0692377,51.0452513],[-114.0692532,51.0450305],[-114.0691867,51.0450284],[-114.0691865,51.0450313],[-114.0691402,51.0450297],[-114.0691509,51.0448859],[-114.0690343,51.0448819],[-114.0689438,51.0448789],[-114.068939,51.0448787],[-114.0689252,51.0451702],[-114.0681455,51.0451448],[-114.068143,51.045179],[-114.0681333,51.0451788],[-114.0681329,51.0451853],[-114.0681362,51.0451854],[-114.0682656,51.0451896],[-114.0689211,51.0452111],[-114.0689016,51.0456228],[-114.0689016,51.0456239],[-114.0691568,51.0456311],[-114.0692131,51.0456327],[-114.0692162,51.0455688],[-114.0693705,51.0456371],[-114.0697224,51.045647]],[[-114.0698426,51.0453091],[-114.0698306,51.0455324],[-114.0697144,51.0456057],[-114.0696363,51.0456035],[-114.0691999,51.0453288],[-114.0692025,51.0452908],[-114.0698426,51.0453091]],[[-114.0691398,51.0453925],[-114.0691305,51.0455275],[-114.0690308,51.0455248],[-114.0690401,51.0453897],[-114.0691398,51.0453925]],[[-114.0691442,51.0453283],[-114.0690445,51.0453256],[-114.0690592,51.045112],[-114.069159,51.0451148],[-114.0691442,51.0453283]]]]},"properties":{"structure_type":"Enclosed","posted_clearance":null,"modified_dt":"2024-05-22T10:32:29.000Z"}},{"type":"Feature","geometry":{"type":"MultiPolygon","coordinates":[[[[-114.0700481,51.0442006],[-114.070112,51.044203],[-114.0700766,51.0440072],[-114.0698155,51.0436467],[-114.0697444,51.0436447],[-114.0700208,51.0440217],[-114.0700481,51.0442006]]]]},"properties":{"structure_type":"Bridge Enclosed","posted_clearance":null,"modified_dt":"2024-05-22T10:32:29.000Z"}},{"type":"Feature","geometry":{"type":"MultiPolygon","coordinates":[[[[-114.0708602,51.0447115],[-114.0712753,51.0447236],[-114.0712802,51.0446638],[-114.0712322,51.0446619],[-114.0712305,51.0446768],[-114.0708924,51.0446669],[-114.070644,51.0444962],[-114.0703307,51.0444863],[-114.0703024,51.0444856],[-114.0702642,51.0444586],[-114.0702641,51.0444483],[-114.0702403,51.0444484],[-114.0702431,51.0444177],[-114.070224,51.0444165],[-114.0701963,51.0443966],[-114.070201,51.0443395],[-114.0702028,51.0442878],[-114.0701055,51.0442836],[-114.070112,51.044203],[-114.0700481,51.0442006],[-114.0700388,51.0443486],[-114.0699997,51.0443715],[-114.0697716,51.0443662],[-114.0697429,51.0443476],[-114.0692591,51.0443352],[-114.0690736,51.0444519],[-114.0690378,51.0444509],[-114.0688752,51.0444457],[-114.0688752,51.0444499],[-114.0684168,51.0444368],[-114.0684136,51.0444778],[-114.0684771,51.0444796],[-114.0685259,51.044481],[-114.068919,51.0444922],[-114.0690345,51.0444956],[-114.0690731,51.0445228],[-114.0690149,51.044557],[-114.069075,51.0445995],[-114.0691793,51.0445378],[-114.0692525,51.0444955],[-114.069253,51.0444839],[-114.0692245,51.0444631],[-114.0692061,51.0444621],[-114.0691284,51.0445037],[-114.0691027,51.0444861],[-114.0692849,51.0443816],[-114.069325,51.0443833],[-114.0693365,51.0443917],[-114.0693785,51.0443929],[-114.0693975,51.0443833],[-114.0695474,51.044388],[-114.0695749,51.0444117],[-114.0699177,51.0444209],[-114.0699177,51.0444101],[-114.0701257,51.0444159],[-114.0701258,51.044446],[-114.0702457,51.0445303],[-114.0703207,51.0445324],[-114.0706099,51.0445404],[-114.0708602,51.0447115]],[[-114.0691455,51.0445151],[-114.0692044,51.0444829],[-114.0692178,51.0444941],[-114.0691626,51.0445266],[-114.0691455,51.0445151]]]]},"properties":{"structure_type":"Enclosed","posted_clearance":null,"modified_dt":"2024-05-22T10:32:29.000Z"}},{"type":"Feature","geometry":{"type":"MultiPolygon","coordinates":[[[[-114.0754291,51.046453],[-114.0754262,51.0464997],[-114.0754207,51.0465899],[-114.0754146,51.0466904],[-114.0754103,51.0467414],[-114.0755006,51.046743],[-114.0755019,51.0467258],[-114.0755792,51.0467283],[-114.0755826,51.0466853],[-114.0756655,51.0466878],[-114.0756699,51.0466264],[-114.0756593,51.0466259],[-114.0756616,51.0465979],[-114.0758469,51.0466039],[-114.0758501,51.0465597],[-114.0756644,51.0465537],[-114.0756685,51.046504],[-114.0758571,51.0465097],[-114.0758572,51.0465133],[-114.0758824,51.0465141],[-114.0758836,51.0465002],[-114.0758914,51.0465006],[-114.0758912,51.0465038],[-114.075915,51.0465045],[-114.0759162,51.0464941],[-114.0759166,51.0464901],[-114.0759241,51.0464904],[-114.0759238,51.0464943],[-114.0759478,51.046495],[-114.075949,51.0464794],[-114.0759776,51.04648],[-114.075982,51.0464257],[-114.0759632,51.0464251],[-114.0759635,51.0464206],[-114.0758782,51.0464191],[-114.0758746,51.0464658],[-114.0758663,51.0464706],[-114.0755649,51.0464617],[-114.0755551,51.0464564],[-114.0755578,51.0464091],[-114.0754941,51.0464067],[-114.075491,51.0464547],[-114.0754291,51.046453]],[[-114.0754824,51.046592],[-114.0754879,51.0465009],[-114.0755804,51.0465047],[-114.0755738,51.0465951],[-114.0754824,51.046592]]]]},"properties":{"structure_type":"Enclosed","posted_clearance":null,"modified_dt":"2024-05-22T10:32:29.000Z"}},{"type":"Feature","geometry":{"type":"MultiPolygon","coordinates":[[[[-114.0713193,51.0500747],[-114.0713196,51.0500718],[-114.0713221,51.0500333],[-114.0713229,51.0500228],[-114.0712353,51.0500206],[-114.0711752,51.0500186],[-114.0711822,51.0498602],[-114.0708857,51.0498538],[-114.0708941,51.0497369],[-114.0708231,51.0497348],[-114.0708126,51.0498501],[-114.0706785,51.0498461],[-114.070502,51.049937],[-114.0704942,51.0500065],[-114.0703538,51.0500015],[-114.07035,51.0500479],[-114.0703491,51.0500587],[-114.0704367,51.0500615],[-114.0704891,51.0500586],[-114.0704795,51.0501991],[-114.0705515,51.0502362],[-114.0706038,51.0502382],[-114.0706887,51.0502875],[-114.0707676,51.0502899],[-114.070764,51.0503461],[-114.0707738,51.0503464],[-114.070774,51.0503677],[-114.0708283,51.0503692],[-114.0708332,51.0503262],[-114.070838,51.0502504],[-114.0707706,51.0502484],[-114.0707726,51.0502213],[-114.0707052,51.0502196],[-114.0707084,51.0501866],[-114.0706496,51.0501825],[-114.0705547,51.0501763],[-114.0705611,51.0500897],[-114.0705218,51.0500649],[-114.0705222,51.0500463],[-114.0705904,51.0500133],[-114.0705675,51.0500009],[-114.0705773,51.0499679],[-114.0706688,51.0499245],[-114.0707244,51.0499245],[-114.0707473,51.049943],[-114.070829,51.0499058],[-114.0708912,51.0499058],[-114.0709305,51.0499305],[-114.0709534,51.049945],[-114.0709861,51.0499284],[-114.0711006,51.0499284],[-114.0710974,51.0499779],[-114.0710353,51.0500089],[-114.0710353,51.0500275],[-114.0711007,51.0500295],[-114.0711664,51.0500674],[-114.0712861,51.0500708],[-114.0713193,51.0500747]]]]},"properties":{"structure_type":"Enclosed","posted_clearance":null,"modified_dt":"2024-05-22T10:32:29.000Z"}},{"type":"Feature","geometry":{"type":"MultiPolygon","coordinates":[[[[-114.0633154,51.049827],[-114.0633169,51.0497792],[-114.0631971,51.0497747],[-114.0632063,51.0496612],[-114.0631342,51.0496587],[-114.0631316,51.0496982],[-114.063157,51.049715],[-114.0631504,51.0497983],[-114.0629544,51.0497923],[-114.0629524,51.0498152],[-114.0633154,51.049827]]]]},"properties":{"structure_type":"Enclosed","posted_clearance":null,"modified_dt":"2024-05-22T10:32:29.000Z"}},{"type":"Feature","geometry":{"type":"MultiPolygon","coordinates":[[[[-114.0707324,51.051249],[-114.0707623,51.0512694],[-114.0707965,51.0512492],[-114.0707981,51.0512316],[-114.0708078,51.0512318],[-114.0708988,51.0511814],[-114.0708988,51.05117],[-114.0708592,51.0511415],[-114.0709878,51.0510681],[-114.0710289,51.0510968],[-114.0710481,51.0510971],[-114.0711341,51.051051],[-114.0711469,51.0510511],[-114.0711499,51.0510066],[-114.0711148,51.0510054],[-114.0710679,51.0510304],[-114.0709614,51.0510287],[-114.0708726,51.0510776],[-114.0707265,51.050976],[-114.0708044,51.0509301],[-114.0708138,51.0508718],[-114.0708815,51.050835],[-114.0708854,51.0508014],[-114.0708669,51.0507889],[-114.0708461,51.0507748],[-114.0708266,51.0507868],[-114.0708172,51.0507924],[-114.0708149,51.0508146],[-114.0708045,51.0508142],[-114.0707252,51.0508591],[-114.0707393,51.0508694],[-114.0707349,51.050917],[-114.070646,51.0509687],[-114.0705682,51.0509662],[-114.0705555,51.0509569],[-114.0704753,51.0510022],[-114.0704703,51.051048],[-114.0704914,51.0510488],[-114.0705535,51.0510132],[-114.0706588,51.0510163],[-114.0706818,51.0510022],[-114.0708315,51.0511031],[-114.0707895,51.0511251],[-114.0707868,51.051189],[-114.0707325,51.0512172],[-114.0707324,51.051249]]]]},"properties":{"structure_type":"Enclosed","posted_clearance":null,"modified_dt":"2024-05-22T10:32:29.000Z"}},{"type":"Feature","geometry":{"type":"MultiPolygon","coordinates":[[[[-114.0672463,51.0460277],[-114.0672641,51.0457729],[-114.0671563,51.045769],[-114.0671399,51.0460244],[-114.0672463,51.0460277]]]]},"properties":{"structure_type":"Enclosed","posted_clearance":null,"modified_dt":"2024-05-22T10:32:29.000Z"}},{"type":"Feature","geometry":{"type":"MultiPolygon","coordinates":[[[[-114.0709233,51.0519587],[-114.0709647,51.0519602],[-114.0709631,51.0519788],[-114.0709677,51.0519791],[-114.0709631,51.0520326],[-114.0710277,51.0520352],[-114.0710418,51.0518644],[-114.0710424,51.0518566],[-114.0710454,51.0518223],[-114.0710368,51.0518202],[-114.0710293,51.0518184],[-114.0710206,51.0518155],[-114.0710126,51.0518129],[-114.0710034,51.0518089],[-114.0709953,51.051806],[-114.0709878,51.0518028],[-114.0709809,51.0517992],[-114.0709751,51.0517963],[-114.0709688,51.0517923],[-114.070963,51.0517886],[-114.0709561,51.0517839],[-114.0709509,51.0517803],[-114.0709469,51.0517759],[-114.0708,51.0517717],[-114.0708006,51.0517673],[-114.0708005,51.051759],[-114.0709912,51.051765],[-114.0709935,51.0517418],[-114.0708028,51.0517361],[-114.0708039,51.0517201],[-114.0707359,51.0517183],[-114.0707344,51.0517313],[-114.0707274,51.0517311],[-114.0707229,51.051804],[-114.0709193,51.0518097],[-114.0709239,51.051813],[-114.0709296,51.051817],[-114.070936,51.051821],[-114.0709441,51.0518253],[-114.070951,51.0518297],[-114.0709608,51.051834],[-114.0709683,51.0518373],[-114.0709771,51.0518409],[-114.0709756,51.0518538],[-114.0709695,51.0519207],[-114.0709663,51.0519206],[-114.070965,51.0519387],[-114.070925,51.051937],[-114.0709233,51.0519587]]]]},"properties":{"structure_type":"Enclosed","posted_clearance":null,"modified_dt":"2024-05-22T10:32:29.000Z"}},{"type":"Feature","geometry":{"type":"MultiPolygon","coordinates":[[[[-114.0739406,51.0512106],[-114.0743502,51.0512228],[-114.0743547,51.0511771],[-114.0742551,51.0511772],[-114.074302,51.0508018],[-114.0741707,51.0507934],[-114.0741259,51.0511402],[-114.0739652,51.0511403],[-114.0739539,51.0511603],[-114.073944,51.0511601],[-114.0739406,51.0512106]]]]},"properties":{"structure_type":null,"posted_clearance":null,"modified_dt":"2024-05-22T10:32:29.000Z"}},{"type":"Feature","geometry":{"type":"MultiPolygon","coordinates":[[[[-114.0684771,51.0444796],[-114.068476,51.0444898],[-114.068389,51.0445455],[-114.0684339,51.0445755],[-114.0685221,51.044524],[-114.0685259,51.044481],[-114.0684771,51.0444796]]]]},"properties":{"structure_type":"Open to Sky","posted_clearance":null,"modified_dt":"2024-05-22T10:32:29.000Z"}},{"type":"Feature","geometry":{"type":"MultiPolygon","coordinates":[[[[-114.0706035,51.0451837],[-114.0706024,51.0451941],[-114.0705992,51.045239],[-114.0706673,51.0452413],[-114.0706711,51.0451962],[-114.070672,51.0451847],[-114.0706785,51.0451063],[-114.0706101,51.0451041],[-114.0706035,51.0451837]]]]},"properties":{"structure_type":"Bridge Enclosed","posted_clearance":null,"modified_dt":"2024-05-22T10:32:29.000Z"}},{"type":"Feature","geometry":{"type":"MultiPolygon","coordinates":[[[[-114.0748903,51.0455707],[-114.0747184,51.0455649],[-114.0747201,51.0455099],[-114.0745909,51.0455061],[-114.0745953,51.0454318],[-114.0742128,51.0454213],[-114.0741149,51.0454184],[-114.074109,51.045494],[-114.0742079,51.0454968],[-114.0742055,51.0455246],[-114.0743941,51.0455292],[-114.0744351,51.0455303],[-114.0744333,51.0455556],[-114.0744333,51.0455702],[-114.074425,51.0455702],[-114.074425,51.0455663],[-114.0743985,51.0455657],[-114.0743972,51.0455834],[-114.0744248,51.0455842],[-114.0744253,51.0455809],[-114.0744334,51.0455809],[-114.0744334,51.0455842],[-114.0744789,51.0455855],[-114.0744814,51.0455567],[-114.074643,51.0455612],[-114.074643,51.0455686],[-114.0746369,51.0455686],[-114.0746336,51.0456186],[-114.0748866,51.0456258],[-114.0748903,51.0455707]]]]},"properties":{"structure_type":"Enclosed","posted_clearance":null,"modified_dt":"2024-05-22T10:32:29.000Z"}},{"type":"Feature","geometry":{"type":"MultiPolygon","coordinates":[[[[-114.0693729,51.0478344],[-114.0693566,51.048046],[-114.0692564,51.0480843],[-114.0692556,51.0481],[-114.069337,51.0481022],[-114.0694165,51.0481044],[-114.0694358,51.0478358],[-114.0693729,51.0478344]]]]},"properties":{"structure_type":"Bridge Enclosed","posted_clearance":"4.6","modified_dt":"2024-05-22T10:32:29.000Z"}},{"type":"Feature","geometry":{"type":"MultiPolygon","coordinates":[[[[-114.0693423,51.0477392],[-114.0693356,51.0478338],[-114.0694358,51.0478358],[-114.069437,51.04782],[-114.0694389,51.0477929],[-114.0694427,51.0477406],[-114.0693423,51.0477392]]]]},"properties":{"structure_type":"Bridge Enclosed","posted_clearance":null,"modified_dt":"2024-05-22T10:32:29.000Z"}},{"type":"Feature","geometry":{"type":"MultiPolygon","coordinates":[[[[-114.0777244,51.0458193],[-114.0777318,51.045738],[-114.0777517,51.0454781],[-114.0776622,51.0454744],[-114.0776618,51.0454775],[-114.0775254,51.045473],[-114.0774986,51.045472],[-114.0773614,51.0454673],[-114.0773792,51.0452373],[-114.0773794,51.0452083],[-114.0772956,51.0452057],[-114.0772956,51.0452058],[-114.0772913,51.0452342],[-114.0772783,51.0454151],[-114.0770967,51.0454108],[-114.0771106,51.04521],[-114.0767234,51.045199],[-114.0767074,51.0454393],[-114.07664,51.0454374],[-114.0766363,51.045487],[-114.0767029,51.0454888],[-114.0766912,51.0456626],[-114.0767679,51.0456636],[-114.0767702,51.0456349],[-114.0767716,51.0455951],[-114.0770018,51.0456018],[-114.076996,51.0456856],[-114.0773472,51.0456956],[-114.0773593,51.0455206],[-114.0776558,51.0455308],[-114.0776426,51.0457364],[-114.0776336,51.0457363],[-114.0776262,51.0458509],[-114.0777187,51.0458534],[-114.0777188,51.0458521],[-114.0777244,51.0458193]],[[-114.0772682,51.0456358],[-114.0770789,51.0456304],[-114.0770842,51.0455535],[-114.0767863,51.045545],[-114.0768077,51.0452461],[-114.0770243,51.0452522],[-114.0770103,51.0454553],[-114.0772801,51.045463],[-114.0772682,51.0456358]]]]},"properties":{"structure_type":"Enclosed","posted_clearance":null,"modified_dt":"2024-05-22T10:32:29.000Z"}},{"type":"Feature","geometry":{"type":"MultiPolygon","coordinates":[[[[-114.0672094,51.0462391],[-114.0670839,51.0462373],[-114.0670481,51.0462566],[-114.0670386,51.0464597],[-114.0669787,51.0464884],[-114.0672389,51.0464961],[-114.067193,51.0464644],[-114.0672094,51.0462391]]]]},"properties":{"structure_type":"Enclosed","posted_clearance":null,"modified_dt":"2024-05-22T10:32:29.000Z"}},{"type":"Feature","geometry":{"type":"MultiPolygon","coordinates":[[[[-114.0695003,51.0487195],[-114.0695002,51.0487198],[-114.0695096,51.0487199],[-114.0695096,51.0487197],[-114.0695003,51.0487195]]],[[[-114.0695742,51.0487226],[-114.0695749,51.0487226],[-114.069575,51.0487215],[-114.0695743,51.0487215],[-114.0695742,51.0487226]]]]},"properties":{"structure_type":"Enclosed","posted_clearance":null,"modified_dt":"2024-05-22T10:32:29.000Z"}},{"type":"Feature","geometry":{"type":"MultiPolygon","coordinates":[[[[-114.0693254,51.0493937],[-114.0693307,51.0493939],[-114.0693283,51.0494161],[-114.0693949,51.049418],[-114.0694093,51.0491695],[-114.0694259,51.0491717],[-114.0694413,51.0491726],[-114.069456,51.049173],[-114.0694719,51.0491724],[-114.0694895,51.0491709],[-114.0695073,51.0491674],[-114.0695224,51.0491644],[-114.069541,51.0491579],[-114.0695628,51.0491483],[-114.0695859,51.0491352],[-114.0696082,51.0491229],[-114.0698196,51.0491289],[-114.0698405,51.0491423],[-114.0699802,51.0491476],[-114.0699814,51.049139],[-114.0700272,51.0491407],[-114.070031,51.0490877],[-114.0699862,51.0490861],[-114.0699876,51.049066],[-114.0699671,51.0490651],[-114.0699697,51.0490355],[-114.069866,51.0490325],[-114.0698636,51.0490623],[-114.0698465,51.0490622],[-114.0698455,51.0490732],[-114.0698217,51.0490872],[-114.0696528,51.0490822],[-114.069634,51.0490677],[-114.0696345,51.0490583],[-114.0696343,51.0490542],[-114.0696336,51.0490407],[-114.0696301,51.0490282],[-114.0696254,51.0490179],[-114.0696161,51.0490031],[-114.0696092,51.0489954],[-114.0695889,51.0489758],[-114.0695921,51.0489288],[-114.0695512,51.0489277],[-114.0695558,51.0488676],[-114.0695972,51.0488424],[-114.069606,51.0487237],[-114.0695742,51.0487226],[-114.0695756,51.048694],[-114.0695118,51.0486921],[-114.0695096,51.0487199],[-114.0694899,51.0487196],[-114.0694868,51.0487707],[-114.0694957,51.048771],[-114.0694858,51.0489404],[-114.0694674,51.0489388],[-114.0694529,51.0489383],[-114.0694362,51.0489389],[-114.0694094,51.0489417],[-114.0693829,51.0489469],[-114.0693612,51.0489535],[-114.069344,51.0489605],[-114.0693288,51.0489683],[-114.0693186,51.0489743],[-114.0693078,51.0489805],[-114.069296,51.0489879],[-114.0687342,51.0489728],[-114.0687313,51.0490129],[-114.0692716,51.0490287],[-114.069267,51.0490447],[-114.0692673,51.0490618],[-114.0692689,51.0490709],[-114.0692702,51.049078],[-114.0692753,51.0490916],[-114.0692814,51.0491014],[-114.0692906,51.0491128],[-114.0693071,51.0491283],[-114.0693239,51.0491411],[-114.0693432,51.0491532],[-114.0693254,51.0493937]],[[-114.0694675,51.0490071],[-114.0694801,51.0490088],[-114.0694916,51.0490122],[-114.0695005,51.0490157],[-114.069507,51.0490196],[-114.0695106,51.0490218],[-114.069517,51.0490269],[-114.0695211,51.0490309],[-114.0695264,51.0490375],[-114.0695297,51.0490436],[-114.069531,51.0490483],[-114.0695307,51.0490575],[-114.0695292,51.0490659],[-114.0695276,51.0490706],[-114.0695241,51.0490761],[-114.0695214,51.0490791],[-114.0693713,51.0490742],[-114.069374,51.0490473],[-114.0693755,51.0490431],[-114.0693786,51.0490374],[-114.0693837,51.0490308],[-114.0693904,51.0490243],[-114.0694002,51.0490185],[-114.0694087,51.0490146],[-114.0694174,51.0490113],[-114.0694287,51.0490083],[-114.0694415,51.0490064],[-114.0694546,51.049006],[-114.0694675,51.0490071]]]]},"properties":{"structure_type":"Enclosed","posted_clearance":null,"modified_dt":"2024-05-22T10:32:29.000Z"}},{"type":"Feature","geometry":{"type":"MultiPolygon","coordinates":[[[[-114.0594203,51.0487808],[-114.0599585,51.0487965],[-114.0599609,51.0487638],[-114.0599752,51.0485721],[-114.0595737,51.0485605],[-114.0595784,51.0484392],[-114.0594657,51.0484364],[-114.05939,51.0484781],[-114.0593899,51.0484798],[-114.0593847,51.0485558],[-114.0593769,51.0486602],[-114.0593692,51.0487792],[-114.0594203,51.0487807],[-114.0594203,51.0487808]]]]},"properties":{"structure_type":"Open to Sky","posted_clearance":null,"modified_dt":"2024-05-22T10:32:29.000Z"}},{"type":"Feature","geometry":{"type":"MultiPolygon","coordinates":[[[[-114.0695059,51.0481541],[-114.069983,51.0481675],[-114.0700576,51.0481778],[-114.0700576,51.0481776],[-114.070061,51.0481237],[-114.0696439,51.0481112],[-114.0695735,51.0481091],[-114.0695096,51.0481071],[-114.0695059,51.0481541]]]]},"properties":{"structure_type":"Enclosed","posted_clearance":null,"modified_dt":"2024-05-22T10:32:29.000Z"}},{"type":"Feature","geometry":{"type":"MultiPolygon","coordinates":[[[[-114.069433,51.0473985],[-114.0692079,51.0472337],[-114.069074,51.0472299],[-114.0689074,51.0473203],[-114.0688331,51.0472659],[-114.0689948,51.0471722],[-114.0688289,51.0471674],[-114.0687664,51.0471657],[-114.0687122,51.0471641],[-114.0685427,51.0471593],[-114.0686701,51.0472469],[-114.0685879,51.0472939],[-114.068448,51.0471978],[-114.0684603,51.0471908],[-114.0684087,51.0471554],[-114.0683825,51.0471549],[-114.0683276,51.0471866],[-114.068277,51.0471522],[-114.0682491,51.0471516],[-114.0681096,51.0472324],[-114.068377,51.04724],[-114.0685383,51.0473481],[-114.0689353,51.0473595],[-114.0690969,51.0472717],[-114.0691768,51.047274],[-114.0693518,51.047402],[-114.0693461,51.0474932],[-114.0693836,51.0475194],[-114.0694559,51.0475211],[-114.069456,51.047519],[-114.0694941,51.0475201],[-114.0694941,51.0475186],[-114.0694948,51.0475186],[-114.0695004,51.0474453],[-114.0695001,51.0474451],[-114.069433,51.0473985]]]]},"properties":{"structure_type":"Enclosed","posted_clearance":null,"modified_dt":"2024-05-22T10:32:29.000Z"}},{"type":"Feature","geometry":{"type":"MultiPolygon","coordinates":[[[[-114.0761167,51.0454741],[-114.0761135,51.0455232],[-114.0761081,51.0455856],[-114.0760362,51.0455841],[-114.0760234,51.0457647],[-114.0756274,51.0457531],[-114.0756241,51.0457987],[-114.0760802,51.0458119],[-114.0760832,51.0457706],[-114.0761724,51.0457739],[-114.0761886,51.0454993],[-114.0761707,51.0454988],[-114.0761731,51.0454737],[-114.0761167,51.0454741]]]]},"properties":{"structure_type":"Enclosed","posted_clearance":null,"modified_dt":"2024-05-22T10:32:29.000Z"}},{"type":"Feature","geometry":{"type":"MultiPolygon","coordinates":[[[[-114.0642216,51.0447439],[-114.0642096,51.0449256],[-114.0642008,51.0450447],[-114.0641971,51.0450799],[-114.0645234,51.04509],[-114.0645376,51.0450805],[-114.0649193,51.0450921],[-114.0651757,51.0450995],[-114.0650692,51.045026],[-114.0644329,51.0450078],[-114.0642971,51.0449127],[-114.0643025,51.0448285],[-114.0644396,51.0447497],[-114.0642857,51.0447456],[-114.0642216,51.0447439]]]]},"properties":{"structure_type":"Enclosed","posted_clearance":null,"modified_dt":"2024-05-22T10:32:29.000Z"}},{"type":"Feature","geometry":{"type":"MultiPolygon","coordinates":[[[[-114.0577822,51.0468421],[-114.0583144,51.0468582],[-114.0583179,51.0468101],[-114.0577826,51.0467946],[-114.0577822,51.0468421]]]]},"properties":{"structure_type":"Bridge Enclosed","posted_clearance":"4.5","modified_dt":"2024-05-22T10:32:29.000Z"}},{"type":"Feature","geometry":{"type":"MultiPolygon","coordinates":[[[[-114.0689438,51.0448789],[-114.0690343,51.0448819],[-114.0690348,51.044872],[-114.0690406,51.0448721],[-114.0690536,51.0446768],[-114.0690476,51.0446766],[-114.0690532,51.0446118],[-114.069075,51.0445995],[-114.0690149,51.044557],[-114.068964,51.0445879],[-114.0689577,51.0446761],[-114.0689547,51.0446761],[-114.0689414,51.0448604],[-114.0689444,51.0448605],[-114.0689438,51.0448789]]]]},"properties":{"structure_type":"Bridge Enclosed","posted_clearance":"4.6","modified_dt":"2024-05-22T10:32:29.000Z"}},{"type":"Feature","geometry":{"type":"MultiPolygon","coordinates":[[[[-114.0583138,51.0468669],[-114.0593397,51.0468951],[-114.0593293,51.0470217],[-114.0593151,51.047231],[-114.0593909,51.0472328],[-114.0593949,51.0471791],[-114.0593821,51.0471787],[-114.0594017,51.0469092],[-114.0594616,51.0468993],[-114.059465,51.0468661],[-114.059404,51.0468576],[-114.059341,51.0468559],[-114.0588282,51.0468413],[-114.0584875,51.0468316],[-114.0584885,51.0468153],[-114.0583179,51.0468101],[-114.0583171,51.0468216],[-114.0583144,51.0468582],[-114.0583138,51.0468669]]]]},"properties":{"structure_type":"Enclosed","posted_clearance":null,"modified_dt":"2024-05-22T10:32:29.000Z"}},{"type":"Feature","geometry":{"type":"MultiPolygon","coordinates":[[[[-114.0696439,51.0481112],[-114.0696535,51.0479849],[-114.0696456,51.0479827],[-114.0696409,51.0479805],[-114.069638,51.0479778],[-114.0696359,51.047975],[-114.0696424,51.0478788],[-114.0696457,51.047874],[-114.0696507,51.0478701],[-114.0696577,51.0478684],[-114.0696639,51.0478684],[-114.0698751,51.0478739],[-114.0698801,51.0478745],[-114.0698844,51.0478761],[-114.0698887,51.0478793],[-114.0698917,51.0478322],[-114.0697228,51.0478274],[-114.0697233,51.0478135],[-114.069718,51.0478133],[-114.069721,51.0477885],[-114.0695881,51.0477847],[-114.0694753,51.0477817],[-114.069474,51.0477936],[-114.0694389,51.0477929],[-114.069437,51.04782],[-114.0694737,51.0478208],[-114.0694729,51.0478392],[-114.0695556,51.0478408],[-114.0695917,51.047864],[-114.0695735,51.0481091],[-114.0696439,51.0481112]]]]},"properties":{"structure_type":"Enclosed","posted_clearance":null,"modified_dt":"2024-05-22T10:32:29.000Z"}},{"type":"Feature","geometry":{"type":"MultiPolygon","coordinates":[[[[-114.067819,51.0445765],[-114.067825,51.0444852],[-114.0677843,51.0444839],[-114.0677811,51.0445271],[-114.0676035,51.0445216],[-114.0676062,51.044487],[-114.0673196,51.0444782],[-114.0673238,51.0444294],[-114.0672546,51.044427],[-114.0672506,51.0444767],[-114.0672198,51.044476],[-114.0672165,51.0445163],[-114.0670513,51.0445114],[-114.0670553,51.0444625],[-114.0670161,51.0444614],[-114.0670117,51.0445107],[-114.0667652,51.0445032],[-114.0667637,51.0445156],[-114.066534,51.0445089],[-114.0665393,51.044437],[-114.0664009,51.0444324],[-114.0664027,51.0444076],[-114.0663132,51.0444044],[-114.0663105,51.0444325],[-114.0663086,51.0444595],[-114.0664274,51.0444632],[-114.0664244,51.0445011],[-114.0664107,51.0445005],[-114.0664075,51.0445467],[-114.0665362,51.0445504],[-114.066535,51.0445713],[-114.0667589,51.0445774],[-114.0667619,51.0445432],[-114.0670079,51.0445501],[-114.0670079,51.0445526],[-114.0673095,51.0445604],[-114.067313,51.0445136],[-114.067537,51.0445208],[-114.0675328,51.0445671],[-114.067819,51.0445765]]]]},"properties":{"structure_type":"Enclosed","posted_clearance":null,"modified_dt":"2024-05-22T10:32:29.000Z"}},{"type":"Feature","geometry":{"type":"MultiPolygon","coordinates":[[[[-114.0696439,51.0481112],[-114.0696535,51.0479849],[-114.0696456,51.0479827],[-114.0696409,51.0479805],[-114.069638,51.0479778],[-114.0696359,51.047975],[-114.0696424,51.0478788],[-114.0696457,51.047874],[-114.0696507,51.0478701],[-114.0696577,51.0478684],[-114.0696639,51.0478684],[-114.0698751,51.0478739],[-114.0698801,51.0478745],[-114.0698844,51.0478761],[-114.0698887,51.0478793],[-114.0698917,51.0478322],[-114.0697228,51.0478274],[-114.0697233,51.0478135],[-114.069718,51.0478133],[-114.069721,51.0477885],[-114.0695881,51.0477847],[-114.0694753,51.0477817],[-114.069474,51.0477936],[-114.0694389,51.0477929],[-114.069437,51.04782],[-114.0694737,51.0478208],[-114.0694729,51.0478392],[-114.0695556,51.0478408],[-114.0695917,51.047864],[-114.0695735,51.0481091],[-114.0696439,51.0481112]]]]},"properties":{"structure_type":"Enclosed","posted_clearance":null,"modified_dt":"2024-05-22T10:32:29.000Z"}},{"type":"Feature","geometry":{"type":"MultiPolygon","coordinates":[[[[-114.0566664,51.0478466],[-114.0566184,51.0478453],[-114.0565674,51.0478434],[-114.0565582,51.0479654],[-114.0565743,51.0479727],[-114.0565743,51.0480341],[-114.0566086,51.0480428],[-114.0566127,51.0479806],[-114.0566573,51.0479823],[-114.0566664,51.0478466]]]]},"properties":{"structure_type":"Open to Sky","posted_clearance":null,"modified_dt":"2024-05-22T10:32:29.000Z"}},{"type":"Feature","geometry":{"type":"MultiPolygon","coordinates":[[[[-114.0754834,51.0469745],[-114.0753869,51.0469717],[-114.0753556,51.0469709],[-114.0753522,51.0470164],[-114.0754801,51.0470204],[-114.0754834,51.0469745]]]]},"properties":{"structure_type":"Enclosed","posted_clearance":null,"modified_dt":"2024-05-22T10:32:29.000Z"}},{"type":"Feature","geometry":{"type":"MultiPolygon","coordinates":[[[[-114.0624335,51.0479676],[-114.0623702,51.0480007],[-114.0623831,51.04801],[-114.0624649,51.0479676],[-114.0624043,51.0479182],[-114.0624801,51.0478936],[-114.0624506,51.0478528],[-114.0624237,51.047852],[-114.0623965,51.0478532],[-114.0623447,51.0478586],[-114.0623294,51.0478611],[-114.0623146,51.0478649],[-114.0622912,51.0478742],[-114.0622758,51.0478831],[-114.0622641,51.0478917],[-114.062258,51.0478987],[-114.06225,51.0479064],[-114.0622432,51.0479142],[-114.0622332,51.0479195],[-114.0622223,51.0479247],[-114.0622099,51.0479281],[-114.0621952,51.0479313],[-114.0621799,51.0479321],[-114.0621645,51.0479305],[-114.0621521,51.0479282],[-114.0621411,51.0479247],[-114.0621189,51.0479131],[-114.0621059,51.0479069],[-114.0620899,51.0479011],[-114.0620616,51.0478941],[-114.062032,51.0478891],[-114.0619945,51.0478877],[-114.0619619,51.0478887],[-114.0619329,51.0478934],[-114.0619108,51.0478961],[-114.0618837,51.0478969],[-114.0618615,51.0478946],[-114.0618384,51.0478903],[-114.0618221,51.047883],[-114.0618067,51.0478744],[-114.0617917,51.0478621],[-114.0617746,51.0478392],[-114.061774,51.0478201],[-114.0617703,51.0478011],[-114.0617647,51.0477833],[-114.061753,51.0477662],[-114.0617425,51.0477534],[-114.0617196,51.0477347],[-114.0616963,51.0477216],[-114.0616741,51.0477127],[-114.0616575,51.0477022],[-114.0616456,51.0476893],[-114.0616408,51.0476809],[-114.0616365,51.0476689],[-114.0616334,51.047651],[-114.0616315,51.0476281],[-114.0616163,51.0475864],[-114.0615502,51.0475901],[-114.06156,51.0476428],[-114.0614586,51.0476406],[-114.0614512,51.0477091],[-114.0614747,51.0477097],[-114.0614789,51.0476577],[-114.0615288,51.0476584],[-114.0615288,51.0476685],[-114.0615608,51.0476689],[-114.0615732,51.047703],[-114.0615795,51.0477138],[-114.0615867,51.0477228],[-114.0615923,51.0477352],[-114.0615923,51.0477469],[-114.0615854,51.0477568],[-114.0615708,51.0477659],[-114.0615689,51.0477668],[-114.0615548,51.0477737],[-114.0615413,51.0477834],[-114.0615312,51.0477901],[-114.061521,51.0478013],[-114.0615148,51.047811],[-114.0615093,51.047823],[-114.0615068,51.0478362],[-114.0615087,51.0478494],[-114.0615075,51.047861],[-114.0615038,51.0478727],[-114.0615,51.0478819],[-114.0614933,51.0478964],[-114.0614827,51.0479091],[-114.0614645,51.0479227],[-114.0614359,51.0479395],[-114.0614647,51.0479795],[-114.0614787,51.0479754],[-114.0614975,51.0479677],[-114.0615094,51.0479599],[-114.0615217,51.0479498],[-114.061531,51.0479402],[-114.0615466,51.0479265],[-114.0615613,51.0479153],[-114.0615732,51.0479078],[-114.0615895,51.0479002],[-114.0616116,51.0478943],[-114.0616323,51.0478916],[-114.0616559,51.0478901],[-114.061658,51.0478901],[-114.0616751,51.0478904],[-114.0616922,51.0478916],[-114.0617101,51.047894],[-114.0617329,51.0479001],[-114.0617529,51.0479099],[-114.0617963,51.0479288],[-114.0618136,51.0479369],[-114.0618394,51.0479454],[-114.0618733,51.0479567],[-114.0619053,51.0479637],[-114.0619324,51.0479706],[-114.0619607,51.0479764],[-114.0619934,51.0479803],[-114.0620297,51.047983],[-114.0620919,51.0479853],[-114.0621344,51.0479837],[-114.0621788,51.0479808],[-114.0622212,51.047974],[-114.0622547,51.0479661],[-114.0623033,51.0480016],[-114.0623867,51.0479599],[-114.0623602,51.0479359],[-114.0623689,51.0479316],[-114.062396,51.0479541],[-114.0624089,51.0479482],[-114.0624335,51.0479676]],[[-114.0616807,51.0478177],[-114.0616795,51.0478218],[-114.0616769,51.0478274],[-114.0616726,51.0478328],[-114.0616679,51.047838],[-114.0616611,51.0478434],[-114.0616548,51.0478473],[-114.0616482,51.0478507],[-114.0616409,51.0478534],[-114.0616332,51.0478553],[-114.061633,51.0478555],[-114.061633,51.0478556],[-114.0616257,51.0478568],[-114.0616195,51.0478577],[-114.0616088,51.0478588],[-114.0616024,51.0478586],[-114.0615968,51.0478575],[-114.0616241,51.0478432],[-114.0616812,51.0478123],[-114.0616807,51.0478177]],[[-114.0616135,51.0478286],[-114.0616137,51.0478288],[-114.0616134,51.0478288],[-114.0615727,51.0478499],[-114.0615718,51.0478488],[-114.0616108,51.0478249],[-114.0616106,51.0478245],[-114.0616623,51.0477931],[-114.0616648,51.0477937],[-114.0616691,51.047795],[-114.0616721,51.047798],[-114.0616135,51.0478286]],[[-114.0616002,51.0478102],[-114.061562,51.0478332],[-114.0615616,51.0478294],[-114.0615616,51.0478253],[-114.0615628,51.0478205],[-114.0615654,51.0478145],[-114.0615693,51.0478092],[-114.0615744,51.0478037],[-114.0615795,51.0478],[-114.0615846,51.0477968],[-114.0615889,51.0477945],[-114.061594,51.0477919],[-114.0616017,51.0477889],[-114.0616104,51.0477865],[-114.0616192,51.0477851],[-114.0616297,51.0477842],[-114.0616357,51.0477848],[-114.0616401,51.0477862],[-114.0616002,51.0478102]]]]},"properties":{"structure_type":"Enclosed","posted_clearance":null,"modified_dt":"2024-05-22T10:32:29.000Z"}},{"type":"Feature","geometry":{"type":"MultiPolygon","coordinates":[[[[-114.0767297,51.0483408],[-114.0767041,51.0486959],[-114.0767703,51.0486981],[-114.0767716,51.04868],[-114.0768259,51.0486815],[-114.0768269,51.0486672],[-114.0769088,51.0486693],[-114.0769081,51.0486797],[-114.0769678,51.0486814],[-114.0769699,51.0486392],[-114.0769853,51.0484125],[-114.0770093,51.0484132],[-114.0770114,51.0483846],[-114.0770566,51.048386],[-114.0770576,51.0483694],[-114.0770591,51.0483503],[-114.0768578,51.0483447],[-114.0767297,51.0483408]]]]},"properties":{"structure_type":"Open to Sky","posted_clearance":null,"modified_dt":"2024-05-22T10:32:29.000Z"}},{"type":"Feature","geometry":{"type":"MultiPolygon","coordinates":[[[[-114.069983,51.0481675],[-114.0700095,51.0481866],[-114.0700053,51.0482551],[-114.0699819,51.0482685],[-114.0699765,51.0483491],[-114.0699974,51.0483637],[-114.0699935,51.048422],[-114.0700263,51.048423],[-114.0700511,51.0484089],[-114.0700669,51.0481779],[-114.0700576,51.0481778],[-114.069983,51.0481675]]]]},"properties":{"structure_type":"Open to Sky","posted_clearance":null,"modified_dt":"2024-05-22T10:32:29.000Z"}},{"type":"Feature","geometry":{"type":"MultiPolygon","coordinates":[[[[-114.0615963,51.0436431],[-114.0615998,51.0436022],[-114.0616129,51.0436027],[-114.0616242,51.0434778],[-114.0614906,51.0434734],[-114.0614886,51.0434876],[-114.0613839,51.0434849],[-114.0613783,51.0435383],[-114.0614205,51.0435393],[-114.0614631,51.0435411],[-114.0614656,51.0435087],[-114.0615227,51.0435103],[-114.0615128,51.0436405],[-114.0615388,51.0436411],[-114.0615379,51.0436476],[-114.0615948,51.0436496],[-114.0615963,51.0436431]]]]},"properties":{"structure_type":"Enclosed","posted_clearance":null,"modified_dt":"2024-05-22T10:32:29.000Z"}},{"type":"Feature","geometry":{"type":"MultiPolygon","coordinates":[[[[-114.0592957,51.0475159],[-114.0592938,51.0475425],[-114.0593679,51.0475448],[-114.0593699,51.0475182],[-114.0593909,51.0472328],[-114.0593151,51.047231],[-114.0592957,51.0475159]]]]},"properties":{"structure_type":"Bridge Open to Sky","posted_clearance":"4.4","modified_dt":"2024-05-22T10:32:29.000Z"}},{"type":"Feature","geometry":{"type":"MultiPolygon","coordinates":[[[[-114.0618231,51.0439749],[-114.0618578,51.0436117],[-114.061771,51.0436089],[-114.0615998,51.0436022],[-114.0615963,51.0436431],[-114.0615948,51.0436496],[-114.0617657,51.0436563],[-114.0617382,51.0439721],[-114.0618231,51.0439749]]]]},"properties":{"structure_type":"Bridge Enclosed","posted_clearance":null,"modified_dt":"2024-05-22T10:32:29.000Z"}},{"type":"Feature","geometry":{"type":"MultiPolygon","coordinates":[[[[-114.069433,51.0473985],[-114.0695001,51.0474451],[-114.0695004,51.0474453],[-114.0695139,51.0472692],[-114.0700185,51.047285],[-114.0700312,51.0472833],[-114.0701316,51.0472845],[-114.0701376,51.0472001],[-114.0701411,51.0471509],[-114.0701462,51.0470802],[-114.0696278,51.0470675],[-114.069451,51.0471475],[-114.069433,51.0473985]]]]},"properties":{"structure_type":"Enclosed","posted_clearance":null,"modified_dt":"2024-05-22T10:32:29.000Z"}},{"type":"Feature","geometry":{"type":"MultiPolygon","coordinates":[[[[-114.0709142,51.0494622],[-114.0709837,51.0494641],[-114.0709874,51.0494128],[-114.0709191,51.0493251],[-114.0710158,51.0493278],[-114.0710225,51.049232],[-114.070926,51.0492293],[-114.0709334,51.049143],[-114.0710284,51.0491459],[-114.0710356,51.0490455],[-114.071224,51.0490508],[-114.0712208,51.0491046],[-114.07133,51.0491072],[-114.0713343,51.0490511],[-114.0713382,51.0489988],[-114.0712935,51.0489975],[-114.0709796,51.0489885],[-114.0709743,51.0490632],[-114.0709716,51.0490985],[-114.0707543,51.0490936],[-114.070752,51.0491382],[-114.0708184,51.0491398],[-114.0708065,51.0493154],[-114.0708882,51.0494099],[-114.0708864,51.0494324],[-114.0709163,51.0494333],[-114.0709142,51.0494622]],[[-114.0709769,51.0492581],[-114.0709741,51.0492992],[-114.070921,51.0492977],[-114.0709239,51.0492567],[-114.0709769,51.0492581]]]]},"properties":{"structure_type":"Enclosed","posted_clearance":null,"modified_dt":"2024-05-22T10:32:29.000Z"}},{"type":"Feature","geometry":{"type":"MultiPolygon","coordinates":[[[[-114.0634961,51.0470139],[-114.063492,51.047089],[-114.063222,51.0470814],[-114.0632273,51.047007],[-114.0631621,51.0470052],[-114.063154,51.0471206],[-114.0634777,51.0471298],[-114.0634638,51.0473002],[-114.0634913,51.0473202],[-114.0635278,51.0473215],[-114.0635267,51.0473458],[-114.0635368,51.0473531],[-114.0636004,51.0473549],[-114.0636246,51.0470175],[-114.0634961,51.0470139]]]]},"properties":{"structure_type":"Enclosed","posted_clearance":null,"modified_dt":"2024-05-22T10:32:29.000Z"}},{"type":"Feature","geometry":{"type":"MultiPolygon","coordinates":[[[[-114.0726337,51.0488277],[-114.0726468,51.048828],[-114.0726337,51.0488276],[-114.0726337,51.0488277]]]]},"properties":{"structure_type":"Enclosed","posted_clearance":null,"modified_dt":"2024-05-22T10:32:29.000Z"}},{"type":"Feature","geometry":{"type":"MultiPolygon","coordinates":[[[[-114.0663217,51.0492399],[-114.0663884,51.0492417],[-114.0663904,51.0492288],[-114.0664108,51.0492169],[-114.0663922,51.0492034],[-114.0663956,51.049152],[-114.0671718,51.0491743],[-114.0673658,51.0490514],[-114.0673523,51.0490422],[-114.067343,51.049036],[-114.0673199,51.0490353],[-114.0672529,51.0489903],[-114.0670931,51.0488792],[-114.06669,51.0488674],[-114.0665554,51.0489459],[-114.0664666,51.0489429],[-114.0663854,51.0488864],[-114.0663993,51.0486801],[-114.066454,51.0486817],[-114.066455,51.0486613],[-114.0664799,51.048662],[-114.0664837,51.048606],[-114.0664738,51.0486057],[-114.066387,51.0486033],[-114.0663737,51.0486029],[-114.0661794,51.0487163],[-114.0661762,51.0487568],[-114.0659632,51.0487509],[-114.0659663,51.048708],[-114.0659434,51.0486927],[-114.0658968,51.0486913],[-114.0658949,51.0487184],[-114.0654816,51.0487084],[-114.0654788,51.0487477],[-114.0658921,51.048758],[-114.0658889,51.0488042],[-114.0659541,51.0488771],[-114.0659464,51.0489814],[-114.0662075,51.0489903],[-114.066333,51.0490764],[-114.0663217,51.0492399]],[[-114.0672697,51.0490336],[-114.0671372,51.0491266],[-114.0664182,51.0491061],[-114.0663994,51.0490941],[-114.0664048,51.049024],[-114.0664293,51.0490101],[-114.0672697,51.0490336]]]]},"properties":{"structure_type":"Enclosed","posted_clearance":null,"modified_dt":"2024-05-22T10:32:29.000Z"}},{"type":"Feature","geometry":{"type":"MultiPolygon","coordinates":[[[[-114.0695934,51.0484755],[-114.0696156,51.0484761],[-114.0696156,51.0484755],[-114.0696485,51.0484765],[-114.069651,51.0484411],[-114.0695961,51.0484395],[-114.0695934,51.0484755]]]]},"properties":{"structure_type":"Open to Sky","posted_clearance":null,"modified_dt":"2024-05-22T10:32:29.000Z"}},{"type":"Feature","geometry":{"type":"MultiPolygon","coordinates":[[[[-114.0569463,51.0464359],[-114.0570157,51.0464377],[-114.0570359,51.0461683],[-114.0569694,51.046167],[-114.0569663,51.0462138],[-114.056963,51.0462137],[-114.0569463,51.0464359]]]]},"properties":{"structure_type":"Bridge Enclosed","posted_clearance":"4.7","modified_dt":"2024-05-22T10:32:29.000Z"}},{"type":"Feature","geometry":{"type":"MultiPolygon","coordinates":[[[[-114.0667471,51.0465],[-114.0668198,51.0465018],[-114.0668293,51.0463745],[-114.0670839,51.0462373],[-114.0672094,51.0462391],[-114.067211,51.0462114],[-114.06728,51.0461725],[-114.067433,51.0461766],[-114.0676773,51.0461835],[-114.0677453,51.0461846],[-114.0677599,51.0461848],[-114.0677604,51.0461786],[-114.0677265,51.0461772],[-114.0677281,51.0461388],[-114.0677468,51.0461391],[-114.0677632,51.0461394],[-114.0677636,51.0461332],[-114.0677643,51.0461271],[-114.0677517,51.0461266],[-114.0676104,51.0461223],[-114.0674392,51.046118],[-114.0674431,51.0460757],[-114.0674003,51.0460325],[-114.0671399,51.0460244],[-114.0671342,51.0461125],[-114.0665397,51.0460974],[-114.0664791,51.0460953],[-114.0664754,51.046149],[-114.0665357,51.046151],[-114.0669226,51.0461618],[-114.0669182,51.0462231],[-114.0666995,51.0463393],[-114.0666902,51.0464988],[-114.0667471,51.0465]]]]},"properties":{"structure_type":"Enclosed","posted_clearance":null,"modified_dt":"2024-05-22T10:32:29.000Z"}},{"type":"Feature","geometry":{"type":"MultiPolygon","coordinates":[[[[-114.0724413,51.0502344],[-114.0726381,51.05024],[-114.0726332,51.0502898],[-114.0725492,51.0502874],[-114.0725479,51.0503002],[-114.0726536,51.0503033],[-114.0726612,51.050227],[-114.0725412,51.0502236],[-114.0725088,51.0502016],[-114.0725146,51.0501353],[-114.0725316,51.0501211],[-114.0725349,51.0500667],[-114.0724519,51.0500642],[-114.07245,51.0501215],[-114.0724481,51.0501473],[-114.0724413,51.0502344]]]]},"properties":{"structure_type":"Enclosed","posted_clearance":null,"modified_dt":"2024-05-22T10:32:29.000Z"}},{"type":"Feature","geometry":{"type":"MultiPolygon","coordinates":[[[[-114.0793233,51.0470723],[-114.079418,51.0470749],[-114.079434,51.0468379],[-114.0794339,51.0468377],[-114.0794338,51.0468375],[-114.0793387,51.046835],[-114.079331,51.0469536],[-114.0793233,51.0470723]]]]},"properties":{"structure_type":"Bridge Enclosed","posted_clearance":"4.7","modified_dt":"2024-05-22T10:32:29.000Z"}},{"type":"Feature","geometry":{"type":"MultiPolygon","coordinates":[[[[-114.0588282,51.0468413],[-114.059341,51.0468559],[-114.059352,51.0466947],[-114.0593642,51.0465115],[-114.0593617,51.0465114],[-114.0593638,51.0464909],[-114.059345,51.0464904],[-114.0593435,51.0465109],[-114.0588512,51.0464956],[-114.0588282,51.0468413]]]]},"properties":{"structure_type":"Open to Sky","posted_clearance":null,"modified_dt":"2024-05-22T10:32:29.000Z"}},{"type":"Feature","geometry":{"type":"MultiPolygon","coordinates":[[[[-114.067819,51.0445765],[-114.067825,51.0444852],[-114.0677843,51.0444839],[-114.0677811,51.0445271],[-114.0676035,51.0445216],[-114.0676062,51.044487],[-114.0673196,51.0444782],[-114.0673238,51.0444294],[-114.0672546,51.044427],[-114.0672506,51.0444767],[-114.0672198,51.044476],[-114.0672165,51.0445163],[-114.0670513,51.0445114],[-114.0670553,51.0444625],[-114.0670161,51.0444614],[-114.0670117,51.0445107],[-114.0667652,51.0445032],[-114.0667637,51.0445156],[-114.066534,51.0445089],[-114.0665393,51.044437],[-114.0664009,51.0444324],[-114.0664027,51.0444076],[-114.0663132,51.0444044],[-114.0663105,51.0444325],[-114.0663086,51.0444595],[-114.0664274,51.0444632],[-114.0664244,51.0445011],[-114.0664107,51.0445005],[-114.0664075,51.0445467],[-114.0665362,51.0445504],[-114.066535,51.0445713],[-114.0667589,51.0445774],[-114.0667619,51.0445432],[-114.0670079,51.0445501],[-114.0670079,51.0445526],[-114.0673095,51.0445604],[-114.067313,51.0445136],[-114.067537,51.0445208],[-114.0675328,51.0445671],[-114.067819,51.0445765]]]]},"properties":{"structure_type":"Enclosed","posted_clearance":null,"modified_dt":"2024-05-22T10:32:29.000Z"}},{"type":"Feature","geometry":{"type":"MultiPolygon","coordinates":[[[[-114.0586985,51.0501194],[-114.0586935,51.0502029],[-114.058567,51.0502819],[-114.0585815,51.0502933],[-114.0586826,51.0502926],[-114.0587502,51.0502553],[-114.05875,51.0502396],[-114.0588186,51.0502004],[-114.0592566,51.0502132],[-114.059237,51.0505383],[-114.0591673,51.050537],[-114.0591583,51.0505994],[-114.0591883,51.0505999],[-114.0591864,51.0506254],[-114.0592921,51.0506293],[-114.0593229,51.050136],[-114.0586985,51.0501194]]]]},"properties":{"structure_type":"Open to Sky","posted_clearance":null,"modified_dt":"2024-05-22T10:32:29.000Z"}},{"type":"Feature","geometry":{"type":"MultiPolygon","coordinates":[[[[-114.0586985,51.0501194],[-114.0593229,51.050136],[-114.0593395,51.04995],[-114.0587629,51.049934],[-114.0589373,51.0496732],[-114.0593739,51.0496857],[-114.0593759,51.0496584],[-114.0589902,51.0496473],[-114.0589989,51.0495213],[-114.0589154,51.0495188],[-114.0589028,51.0496448],[-114.0584489,51.0496318],[-114.0584469,51.0496591],[-114.058891,51.0496719],[-114.0587166,51.0499326],[-114.0586985,51.0501194]]]]},"properties":{"structure_type":"Enclosed","posted_clearance":null,"modified_dt":"2024-05-22T10:32:29.000Z"}},{"type":"Feature","geometry":{"type":"MultiPolygon","coordinates":[[[[-114.0663278,51.049608],[-114.0665401,51.0496057],[-114.0667517,51.049619],[-114.0667514,51.0496239],[-114.0667771,51.0496241],[-114.0668934,51.0497046],[-114.0669429,51.0497566],[-114.0669291,51.0499491],[-114.0667384,51.0500631],[-114.0667227,51.0502899],[-114.0667879,51.0502918],[-114.0668025,51.0500806],[-114.0669249,51.050008],[-114.0669213,51.0500585],[-114.0670037,51.0501141],[-114.067309,51.0501226],[-114.0673992,51.0500695],[-114.0674084,51.0499416],[-114.0674122,51.0498885],[-114.0674208,51.0497676],[-114.0673384,51.049712],[-114.0670331,51.0497035],[-114.0669559,51.0496542],[-114.0669585,51.0496173],[-114.0668827,51.0495647],[-114.0667626,51.0495616],[-114.0663209,51.0495492],[-114.0663278,51.049608]],[[-114.0669999,51.0498732],[-114.0673473,51.0498829],[-114.0673353,51.0500509],[-114.0672845,51.0500808],[-114.0670332,51.0500738],[-114.0669877,51.050043],[-114.0669999,51.0498732]],[[-114.0670028,51.0498322],[-114.0670069,51.0497752],[-114.0670576,51.0497453],[-114.0673089,51.0497523],[-114.0673544,51.049783],[-114.0673502,51.0498418],[-114.0670028,51.0498322]]]]},"properties":{"structure_type":"Enclosed","posted_clearance":null,"modified_dt":"2024-05-22T10:32:29.000Z"}},{"type":"Feature","geometry":{"type":"MultiPolygon","coordinates":[[[[-114.0734711,51.0482714],[-114.0735209,51.0482729],[-114.0735228,51.0482465],[-114.073879,51.0482568],[-114.0738824,51.0482092],[-114.0735251,51.0481973],[-114.0735253,51.0481942],[-114.0734366,51.0481917],[-114.0734339,51.0482316],[-114.0734338,51.0482465],[-114.0732353,51.0482411],[-114.0732332,51.0482665],[-114.073238,51.0482667],[-114.0732381,51.0482644],[-114.0733839,51.0482688],[-114.0734129,51.0482697],[-114.0734422,51.0482705],[-114.0734605,51.0482711],[-114.0734711,51.0482714]]]]},"properties":{"structure_type":"Bridge Enclosed","posted_clearance":"4.6","modified_dt":"2024-05-22T10:32:29.000Z"}},{"type":"Feature","geometry":{"type":"MultiPolygon","coordinates":[[[[-114.0704907,51.0472129],[-114.0705265,51.0472139],[-114.0705305,51.0471585],[-114.0704871,51.0471572],[-114.0704868,51.0471607],[-114.0701411,51.0471509],[-114.0701376,51.0472001],[-114.0704909,51.0472102],[-114.0704907,51.0472129]]]]},"properties":{"structure_type":"Bridge Enclosed","posted_clearance":"4.6","modified_dt":"2024-05-22T10:32:29.000Z"}},{"type":"Feature","geometry":{"type":"MultiPolygon","coordinates":[[[[-114.0687664,51.0471657],[-114.0688289,51.0471674],[-114.0688416,51.0469906],[-114.0690917,51.0469978],[-114.0692123,51.0469111],[-114.0688968,51.0469027],[-114.0688197,51.0469008],[-114.0688194,51.0469033],[-114.0687748,51.0469021],[-114.0687664,51.0471657]]]]},"properties":{"structure_type":"Enclosed","posted_clearance":null,"modified_dt":"2024-05-22T10:32:29.000Z"}},{"type":"Feature","geometry":{"type":"MultiPolygon","coordinates":[[[[-114.07212,51.0468324],[-114.0720907,51.0468316],[-114.0720889,51.0468599],[-114.0724467,51.0468696],[-114.0724486,51.0468413],[-114.0722233,51.0468352],[-114.07212,51.0468324]]]]},"properties":{"structure_type":"Enclosed","posted_clearance":null,"modified_dt":"2024-05-22T10:32:29.000Z"}},{"type":"Feature","geometry":{"type":"MultiPolygon","coordinates":[[[[-114.0793387,51.046835],[-114.0794338,51.0468375],[-114.0794378,51.0467964],[-114.0795109,51.0467973],[-114.0795245,51.0466102],[-114.0792639,51.0464247],[-114.0790812,51.0462995],[-114.0790055,51.0462982],[-114.0790032,51.0463303],[-114.0789994,51.0463834],[-114.0789946,51.0464496],[-114.0789909,51.0465007],[-114.0789905,51.0465072],[-114.0790353,51.0465085],[-114.0790389,51.0464511],[-114.0794351,51.0466839],[-114.0794329,51.0467207],[-114.079344,51.0467551],[-114.0793387,51.046835]]]]},"properties":{"structure_type":"Enclosed","posted_clearance":null,"modified_dt":"2024-05-22T10:32:29.000Z"}},{"type":"Feature","geometry":{"type":"MultiPolygon","coordinates":[[[[-114.0739993,51.0481135],[-114.0740696,51.0481155],[-114.0740792,51.0479778],[-114.0742501,51.0479827],[-114.0742457,51.0480445],[-114.0743109,51.0480464],[-114.0743182,51.0479435],[-114.0740125,51.0479348],[-114.0739993,51.0481135]]]]},"properties":{"structure_type":"Enclosed","posted_clearance":null,"modified_dt":"2024-05-22T10:32:29.000Z"}},{"type":"Feature","geometry":{"type":"MultiPolygon","coordinates":[[[[-114.0785081,51.046436],[-114.078619,51.0464391],[-114.0786211,51.0464082],[-114.0786061,51.0463691],[-114.0785109,51.0463576],[-114.0784549,51.0463513],[-114.0784078,51.0463441],[-114.0783238,51.0463197],[-114.0782743,51.0462972],[-114.0782174,51.0462718],[-114.0781623,51.0462397],[-114.078116,51.0462073],[-114.0780881,51.0461838],[-114.0780909,51.0460931],[-114.0779918,51.04609],[-114.0779881,51.0460899],[-114.0779795,51.0462141],[-114.0780506,51.0462623],[-114.0781075,51.046299],[-114.0781404,51.0463165],[-114.0781623,51.0463287],[-114.0781805,51.0463396],[-114.0782036,51.0463508],[-114.0782311,51.0463622],[-114.0782656,51.0463744],[-114.0783193,51.0463933],[-114.0783597,51.0464023],[-114.0784129,51.046415],[-114.0784821,51.0464214],[-114.0785089,51.0464241],[-114.0785081,51.046436]]]]},"properties":{"structure_type":"Enclosed","posted_clearance":null,"modified_dt":"2024-05-22T10:32:29.000Z"}},{"type":"Feature","geometry":{"type":"MultiPolygon","coordinates":[[[[-114.0635244,51.0475394],[-114.063524,51.0475447],[-114.0635335,51.047545],[-114.063532,51.0475659],[-114.0635192,51.0475656],[-114.0635149,51.0476276],[-114.0636017,51.0476297],[-114.0635877,51.0478412],[-114.0636478,51.0478429],[-114.0636568,51.0477142],[-114.0636627,51.047631],[-114.0636924,51.0476319],[-114.0637201,51.0476325],[-114.0637233,51.0475777],[-114.0635845,51.0475744],[-114.0635868,51.047542],[-114.0635867,51.047542],[-114.0635244,51.0475394]]]]},"properties":{"structure_type":"Bridge Enclosed","posted_clearance":null,"modified_dt":"2024-05-22T10:32:29.000Z"}},{"type":"Feature","geometry":{"type":"MultiPolygon","coordinates":[[[[-114.069047,51.0465599],[-114.0690764,51.0465605],[-114.0690853,51.0464466],[-114.0690941,51.0462334],[-114.0694358,51.046243],[-114.06955,51.0462462],[-114.0695518,51.0462173],[-114.0702962,51.0462403],[-114.0702871,51.0462331],[-114.0702713,51.0462138],[-114.0702635,51.0461886],[-114.0702735,51.0461614],[-114.070302,51.0461396],[-114.0695584,51.0461168],[-114.0695675,51.0459857],[-114.0696546,51.045938],[-114.0698857,51.0459446],[-114.0698897,51.0458879],[-114.0696491,51.0458798],[-114.0696175,51.0458791],[-114.0695509,51.0459041],[-114.0694903,51.0458766],[-114.0694775,51.0458762],[-114.0694724,51.0459583],[-114.0694607,51.0461154],[-114.0692147,51.0461085],[-114.0691192,51.0461621],[-114.0690148,51.0461594],[-114.0687703,51.0461519],[-114.0686078,51.0461549],[-114.068415,51.0461507],[-114.0681452,51.0461441],[-114.0681446,51.0461515],[-114.0681071,51.0461506],[-114.0681046,51.0461947],[-114.0681041,51.0462048],[-114.0684296,51.0462139],[-114.0690035,51.0462305],[-114.0689895,51.046502],[-114.0688549,51.0464982],[-114.068851,51.0465545],[-114.0689493,51.0465572],[-114.069047,51.0465599]]]]},"properties":{"structure_type":"Enclosed","posted_clearance":null,"modified_dt":"2024-05-22T10:32:29.000Z"}},{"type":"Feature","geometry":{"type":"MultiPolygon","coordinates":[[[[-114.0592375,51.0480825],[-114.0594358,51.0480904],[-114.0594376,51.0480665],[-114.0594826,51.0480679],[-114.0594848,51.0480402],[-114.0595223,51.0480411],[-114.0595464,51.0477186],[-114.0595546,51.0475901],[-114.0595178,51.0475891],[-114.0595197,51.0475573],[-114.0594751,51.0475562],[-114.0594771,51.0475209],[-114.0593699,51.0475182],[-114.0593679,51.0475448],[-114.0592938,51.0475425],[-114.0592957,51.0475159],[-114.059055,51.0475089],[-114.0590574,51.0474756],[-114.0590578,51.0474706],[-114.0589985,51.047469],[-114.0589957,51.0475113],[-114.0590116,51.047512],[-114.0590031,51.0476379],[-114.0589314,51.0476364],[-114.0589285,51.0476682],[-114.0587821,51.0476643],[-114.0587794,51.0476978],[-114.0587294,51.0476962],[-114.0587215,51.047797],[-114.058765,51.0477983],[-114.0587579,51.0478898],[-114.0588709,51.0478933],[-114.0588691,51.0479159],[-114.0588913,51.0479168],[-114.0588827,51.0480249],[-114.0588826,51.048026],[-114.0589643,51.0480285],[-114.0590214,51.0480291],[-114.059018,51.0480764],[-114.0590607,51.0480776],[-114.0591622,51.0480808],[-114.0592375,51.0480825]],[[-114.059451,51.0478195],[-114.0594353,51.048035],[-114.0590522,51.0480228],[-114.0590562,51.0479648],[-114.0593191,51.0479724],[-114.0593226,51.0479265],[-114.0593261,51.0479266],[-114.0593338,51.0478179],[-114.059451,51.0478195]],[[-114.0593422,51.0477134],[-114.0593464,51.0476585],[-114.0593425,51.0476584],[-114.0593429,51.0476493],[-114.059329,51.0476489],[-114.0593292,51.0476471],[-114.0590694,51.0476401],[-114.0590752,51.0475658],[-114.0594683,51.0475767],[-114.0594585,51.0477156],[-114.0593422,51.0477134]],[[-114.0592297,51.0478705],[-114.0589737,51.0478629],[-114.0589841,51.0477021],[-114.0592403,51.0477095],[-114.0592297,51.0478705]]]]},"properties":{"structure_type":"Open to Sky","posted_clearance":null,"modified_dt":"2024-05-22T10:32:29.000Z"}},{"type":"Feature","geometry":{"type":"MultiPolygon","coordinates":[[[[-114.0616622,51.0456036],[-114.0616494,51.0457832],[-114.0619287,51.045791],[-114.0619211,51.0458972],[-114.062493,51.0459134],[-114.0624845,51.0460324],[-114.0626897,51.0460382],[-114.0626933,51.045987],[-114.0625694,51.0459835],[-114.0625779,51.0458645],[-114.062006,51.0458483],[-114.0620136,51.045742],[-114.0617347,51.0457343],[-114.0617439,51.0456058],[-114.0616622,51.0456036]]]]},"properties":{"structure_type":"Enclosed","posted_clearance":null,"modified_dt":"2024-05-22T10:32:29.000Z"}},{"type":"Feature","geometry":{"type":"MultiPolygon","coordinates":[[[[-114.0806291,51.0456468],[-114.0806105,51.0458948],[-114.0806484,51.0459385],[-114.0807919,51.0459427],[-114.080815,51.0456086],[-114.0806718,51.045606],[-114.0806291,51.0456468]]]]},"properties":{"structure_type":"Open to Sky","posted_clearance":null,"modified_dt":"2024-05-22T10:32:29.000Z"}},{"type":"Feature","geometry":{"type":"MultiPolygon","coordinates":[[[[-114.079951,51.0459201],[-114.0800874,51.0459238],[-114.080165,51.0459254],[-114.0801732,51.0459256],[-114.0801978,51.0455928],[-114.0801621,51.0455915],[-114.080139,51.0455906],[-114.0800468,51.0455872],[-114.0799751,51.0455852],[-114.079951,51.0459201]]]]},"properties":{"structure_type":"Open to Sky","posted_clearance":null,"modified_dt":"2024-05-22T10:32:29.000Z"}},{"type":"Feature","geometry":{"type":"MultiPolygon","coordinates":[[[[-114.0705404,51.0482934],[-114.070619,51.0482955],[-114.0706263,51.0481892],[-114.0707505,51.0481927],[-114.070755,51.0481433],[-114.0704221,51.0481334],[-114.070422,51.0481345],[-114.0704196,51.0481725],[-114.0704187,51.0481863],[-114.070492,51.0481885],[-114.0704922,51.0481855],[-114.070553,51.0481872],[-114.0705529,51.0481873],[-114.0705474,51.0481872],[-114.0705404,51.0482934]]]]},"properties":{"structure_type":"Enclosed","posted_clearance":null,"modified_dt":"2024-05-22T10:32:29.000Z"}},{"type":"Feature","geometry":{"type":"MultiPolygon","coordinates":[[[[-114.0565987,51.0475617],[-114.0565829,51.0477907],[-114.0565488,51.0477897],[-114.0565462,51.0478185],[-114.0565591,51.0478189],[-114.0565569,51.0478423],[-114.0566187,51.0478446],[-114.0566204,51.047821],[-114.0566228,51.0477933],[-114.0566376,51.0477936],[-114.0566383,51.047785],[-114.0566669,51.0477827],[-114.0566693,51.0477189],[-114.0566781,51.0475606],[-114.0566811,51.0475073],[-114.0566895,51.0473912],[-114.0566691,51.0473906],[-114.0566565,51.0473903],[-114.0566177,51.0473892],[-114.0566013,51.0475194],[-114.0566006,51.0475299],[-114.0565649,51.0475282],[-114.0564277,51.047524],[-114.0564287,51.0475034],[-114.0561885,51.0474947],[-114.0561001,51.0474917],[-114.0560985,51.047514],[-114.0560715,51.0475131],[-114.0557917,51.0475028],[-114.0557887,51.0475329],[-114.0557846,51.0475801],[-114.0558204,51.0475814],[-114.055823,51.0475345],[-114.05607,51.0475426],[-114.0561911,51.0475461],[-114.056184,51.0476618],[-114.0562089,51.0476624],[-114.0562547,51.0476641],[-114.0562921,51.0476654],[-114.0562952,51.0476342],[-114.0562567,51.0476329],[-114.0562639,51.0475477],[-114.0563575,51.0475503],[-114.0563575,51.0475536],[-114.0565987,51.0475617]]]]},"properties":{"structure_type":"Enclosed","posted_clearance":null,"modified_dt":"2024-05-22T10:32:29.000Z"}},{"type":"Feature","geometry":{"type":"MultiPolygon","coordinates":[[[[-114.0566638,51.0468193],[-114.0566644,51.0468088],[-114.0565823,51.0468065],[-114.0565817,51.0468169],[-114.0565679,51.0469977],[-114.0565365,51.0469971],[-114.0565308,51.0470469],[-114.0564233,51.0470421],[-114.0564186,51.0470949],[-114.05653,51.0470979],[-114.0565281,51.0471297],[-114.0566499,51.0471338],[-114.0566499,51.0471479],[-114.0567066,51.047149],[-114.0567139,51.0470549],[-114.0566879,51.047054],[-114.0566897,51.0470252],[-114.0566524,51.0470241],[-114.0566638,51.0468193]]]]},"properties":{"structure_type":"Enclosed","posted_clearance":null,"modified_dt":"2024-05-22T10:32:29.000Z"}},{"type":"Feature","geometry":{"type":"MultiPolygon","coordinates":[[[[-114.0669961,51.0509652],[-114.0670163,51.0509787],[-114.0670764,51.0509805],[-114.0670741,51.0510117],[-114.0671158,51.0510125],[-114.0671197,51.0509596],[-114.0670331,51.0509569],[-114.0670339,51.0509502],[-114.0670397,51.0509504],[-114.0670431,51.0509092],[-114.0670359,51.050909],[-114.0670401,51.0508624],[-114.0670464,51.0508624],[-114.0670481,51.0508375],[-114.0670407,51.0508369],[-114.0670415,51.0508279],[-114.0671291,51.0508307],[-114.0671291,51.0508308],[-114.0673284,51.0508321],[-114.0673131,51.050802],[-114.0673605,51.0508011],[-114.0673629,51.0507546],[-114.0674403,51.0507558],[-114.067444,51.0507443],[-114.0673109,51.0507429],[-114.0672972,51.0507427],[-114.0672535,51.0507422],[-114.0672536,51.050805],[-114.0671133,51.0508037],[-114.0671207,51.0508163],[-114.0671097,51.050802],[-114.0670443,51.0507999],[-114.0670443,51.0507906],[-114.0670065,51.0507898],[-114.0669362,51.0507414],[-114.0666628,51.0507333],[-114.0666704,51.0506256],[-114.0666546,51.0506157],[-114.0667711,51.0505474],[-114.0667731,51.0505114],[-114.0667078,51.0505093],[-114.0667064,51.0505308],[-114.066599,51.0505915],[-114.0665365,51.0505899],[-114.0665091,51.0506062],[-114.0665031,51.0506841],[-114.0665476,51.0507014],[-114.0665521,51.0506324],[-114.0665827,51.0506338],[-114.0665758,51.0506378],[-114.0665876,51.0506459],[-114.0665996,51.0506389],[-114.0666028,51.0506399],[-114.0665957,51.0507391],[-114.0662808,51.050731],[-114.0662842,51.0506777],[-114.0662102,51.0506752],[-114.0662088,51.0506983],[-114.0662472,51.0506994],[-114.0662445,51.0507529],[-114.0666032,51.0507615],[-114.0666199,51.0507727],[-114.0669022,51.0507799],[-114.0670049,51.05085],[-114.0669961,51.0509652]]]]},"properties":{"structure_type":"Enclosed","posted_clearance":null,"modified_dt":"2024-05-22T10:32:29.000Z"}},{"type":"Feature","geometry":{"type":"MultiPolygon","coordinates":[[[[-114.0722343,51.046669],[-114.0726629,51.0466803],[-114.0726655,51.0466638],[-114.0727472,51.0466662],[-114.0727556,51.0465932],[-114.0731446,51.0466022],[-114.073143,51.0466243],[-114.0732387,51.0466277],[-114.0732405,51.0466046],[-114.0732169,51.0466032],[-114.0732223,51.0465566],[-114.0729228,51.046547],[-114.0728963,51.0465318],[-114.0729078,51.0463896],[-114.0729124,51.0463901],[-114.0729178,51.0463308],[-114.0732535,51.0463424],[-114.0732563,51.0462912],[-114.0729154,51.0462798],[-114.0729306,51.0460508],[-114.072939,51.0459414],[-114.0728487,51.045939],[-114.0728388,51.0460704],[-114.0728228,51.0462779],[-114.0727715,51.0462764],[-114.0727775,51.0461548],[-114.0726336,51.0461498],[-114.0726237,51.046277],[-114.0725997,51.0462765],[-114.072595,51.0463295],[-114.0726572,51.0463314],[-114.0726666,51.0463402],[-114.0726658,51.0463706],[-114.0728167,51.0463749],[-114.0728045,51.0465245],[-114.0727657,51.0465451],[-114.0726591,51.0465417],[-114.0726499,51.0466271],[-114.0725503,51.0466246],[-114.0717928,51.0466023],[-114.0717374,51.046566],[-114.0717363,51.0462658],[-114.072078,51.0462739],[-114.0720875,51.0461899],[-114.0720503,51.0461888],[-114.0720459,51.0461992],[-114.0717516,51.0461917],[-114.0717527,51.0461642],[-114.0717253,51.0461638],[-114.0717237,51.0461914],[-114.0717132,51.0461914],[-114.0717122,51.0461983],[-114.0716505,51.0461966],[-114.0716505,51.0461763],[-114.0715853,51.0461755],[-114.0715959,51.0461813],[-114.0716143,51.0462033],[-114.0716197,51.0462285],[-114.07161,51.0462527],[-114.0715849,51.0462738],[-114.0716504,51.0462748],[-114.0716504,51.0465906],[-114.0716879,51.0465919],[-114.0716885,51.0465972],[-114.0716905,51.0466041],[-114.0716974,51.0466131],[-114.0717078,51.0466224],[-114.0717207,51.046628],[-114.0717349,51.0466313],[-114.0717479,51.0466318],[-114.0717468,51.0466432],[-114.071746,51.046656],[-114.0721314,51.0466662],[-114.0722343,51.046669]]]]},"properties":{"structure_type":"Enclosed","posted_clearance":null,"modified_dt":"2024-05-22T10:32:29.000Z"}},{"type":"Feature","geometry":{"type":"MultiPolygon","coordinates":[[[[-114.0718547,51.0501023],[-114.071805,51.050101],[-114.0718023,51.0501475],[-114.0717828,51.050147],[-114.0717783,51.0502104],[-114.0721391,51.0502203],[-114.072154,51.050221],[-114.0721801,51.0502244],[-114.0721954,51.0502278],[-114.0722087,51.0502316],[-114.0722214,51.0502362],[-114.072245,51.0502476],[-114.0722543,51.0502535],[-114.0722622,51.0502594],[-114.0722692,51.0502655],[-114.0722768,51.0502733],[-114.0722852,51.0502842],[-114.0724372,51.0502885],[-114.0724413,51.0502344],[-114.0724481,51.0501473],[-114.07245,51.0501215],[-114.0718547,51.0501023]]]]},"properties":{"structure_type":"Open to Sky","posted_clearance":null,"modified_dt":"2024-05-22T10:32:29.000Z"}},{"type":"Feature","geometry":{"type":"MultiPolygon","coordinates":[[[[-114.0713181,51.0500801],[-114.0717435,51.0500993],[-114.071747,51.0500446],[-114.0713224,51.0500301],[-114.0713181,51.0500801]]]]},"properties":{"structure_type":"Bridge Enclosed","posted_clearance":"5.2","modified_dt":"2024-05-22T10:32:29.000Z"}},{"type":"Feature","geometry":{"type":"MultiPolygon","coordinates":[[[[-114.0732207,51.0485507],[-114.0732207,51.0485504],[-114.0732961,51.0485526],[-114.0732969,51.0485414],[-114.0733006,51.0485399],[-114.0734034,51.0484981],[-114.0734546,51.0484978],[-114.0734707,51.0482757],[-114.0734711,51.0482714],[-114.0734605,51.0482711],[-114.0734422,51.0482705],[-114.0734129,51.0482697],[-114.0733839,51.0482688],[-114.0733838,51.048269],[-114.0733701,51.0484632],[-114.0732189,51.0484587],[-114.0732122,51.048547],[-114.073216,51.0485472],[-114.0732156,51.0485505],[-114.0732207,51.0485507]]]]},"properties":{"structure_type":"Enclosed","posted_clearance":null,"modified_dt":"2024-05-22T10:32:29.000Z"}},{"type":"Feature","geometry":{"type":"MultiPolygon","coordinates":[[[[-114.0565824,51.048459],[-114.0566366,51.0484605],[-114.0566385,51.0484403],[-114.0566547,51.0484141],[-114.0566579,51.0483764],[-114.0566914,51.0479748],[-114.0566579,51.0479735],[-114.0566573,51.0479823],[-114.0566196,51.0479809],[-114.0566127,51.0479806],[-114.0566113,51.0479999],[-114.0565824,51.048459]]]]},"properties":{"structure_type":"Bridge Open to Sky","posted_clearance":"4.6","modified_dt":"2024-05-22T10:32:29.000Z"}},{"type":"Feature","geometry":{"type":"MultiPolygon","coordinates":[[[[-114.0781013,51.0483801],[-114.0781487,51.0483814],[-114.078153,51.0483245],[-114.0781056,51.0483232],[-114.0781013,51.0483801]]]]},"properties":{"structure_type":"Open to Sky","posted_clearance":null,"modified_dt":"2024-05-22T10:32:29.000Z"}},{"type":"Feature","geometry":{"type":"MultiPolygon","coordinates":[[[[-114.0780057,51.0458649],[-114.0781059,51.0458676],[-114.0781983,51.0458701],[-114.078201,51.0458326],[-114.078208,51.0456986],[-114.0782857,51.0457005],[-114.0782788,51.0457974],[-114.0783656,51.0457999],[-114.078399,51.04577],[-114.0784435,51.0457713],[-114.0784483,51.045705],[-114.0786104,51.0457096],[-114.0786185,51.045597],[-114.0785316,51.0455945],[-114.0785275,51.0456524],[-114.0783826,51.0456483],[-114.0783846,51.0456206],[-114.0782978,51.0456181],[-114.0782958,51.0456459],[-114.0781333,51.0456414],[-114.0781208,51.0458304],[-114.0780085,51.0458273],[-114.0780057,51.0458649]]]]},"properties":{"structure_type":"Enclosed","posted_clearance":null,"modified_dt":"2024-05-22T10:32:29.000Z"}},{"type":"Feature","geometry":{"type":"MultiPolygon","coordinates":[[[[-114.0606445,51.0487557],[-114.0607969,51.0486681],[-114.0607763,51.0489533],[-114.0608198,51.0489545],[-114.0608419,51.0486418],[-114.0608951,51.0486111],[-114.0610199,51.0486149],[-114.0610369,51.0486154],[-114.0612827,51.0486223],[-114.0615229,51.0487896],[-114.0615223,51.0487998],[-114.0616203,51.0488027],[-114.0616426,51.0484938],[-114.0615267,51.0484909],[-114.0615171,51.0486286],[-114.0614532,51.0486268],[-114.0614091,51.0486261],[-114.0612891,51.0485441],[-114.0611897,51.0485413],[-114.0611777,51.0485492],[-114.0611665,51.0485414],[-114.0610208,51.048537],[-114.0610197,51.048553],[-114.0610113,51.0485528],[-114.0609518,51.0485514],[-114.0609178,51.0485505],[-114.0609187,51.0485328],[-114.0608824,51.0485321],[-114.0606366,51.0486852],[-114.0606359,51.0486953],[-114.0606323,51.0487471],[-114.0606445,51.0487557]]]]},"properties":{"structure_type":"Enclosed","posted_clearance":null,"modified_dt":"2024-05-22T10:32:29.000Z"}},{"type":"Feature","geometry":{"type":"MultiPolygon","coordinates":[[[[-114.0711551,51.0472338],[-114.0711512,51.0473433],[-114.071221,51.0473425],[-114.071228,51.0472348],[-114.0711551,51.0472338]]]]},"properties":{"structure_type":"Enclosed","posted_clearance":null,"modified_dt":"2024-05-22T10:32:29.000Z"}},{"type":"Feature","geometry":{"type":"MultiPolygon","coordinates":[[[[-114.0817025,51.047276],[-114.0813869,51.0472686],[-114.0813839,51.0473111],[-114.0816995,51.0473186],[-114.0817025,51.047276]]]]},"properties":{"structure_type":"Enclosed","posted_clearance":null,"modified_dt":"2024-05-22T10:32:29.000Z"}},{"type":"Feature","geometry":{"type":"MultiPolygon","coordinates":[[[[-114.0711563,51.0471777],[-114.0712297,51.0471799],[-114.0712306,51.0471278],[-114.0704628,51.0471051],[-114.070459,51.0471563],[-114.0704871,51.0471572],[-114.0705305,51.0471585],[-114.0711563,51.0471777]]]]},"properties":{"structure_type":"Enclosed","posted_clearance":null,"modified_dt":"2024-05-22T10:32:29.000Z"}},{"type":"Feature","geometry":{"type":"MultiPolygon","coordinates":[[[[-114.0606949,51.0469584],[-114.0606923,51.0470023],[-114.060759,51.0470041],[-114.0607603,51.0469853],[-114.0611432,51.0469963],[-114.0611387,51.0470595],[-114.0610271,51.0470563],[-114.0610242,51.0470967],[-114.0612069,51.047102],[-114.0612143,51.0469983],[-114.061314,51.0470004],[-114.0613167,51.0469644],[-114.0613177,51.0469515],[-114.0608781,51.0469387],[-114.0608274,51.0469372],[-114.0606959,51.0469337],[-114.0606949,51.0469584]]]]},"properties":{"structure_type":"Enclosed","posted_clearance":null,"modified_dt":"2024-05-22T10:32:29.000Z"}},{"type":"Feature","geometry":{"type":"MultiPolygon","coordinates":[[[[-114.0710284,51.0491459],[-114.0710942,51.0491479],[-114.0710974,51.0491019],[-114.0712208,51.0491046],[-114.071224,51.0490508],[-114.0710356,51.0490455],[-114.0710284,51.0491459]]]]},"properties":{"structure_type":"Open to Sky","posted_clearance":null,"modified_dt":"2024-05-22T10:32:29.000Z"}},{"type":"Feature","geometry":{"type":"MultiPolygon","coordinates":[[[[-114.0711551,51.0472338],[-114.071228,51.0472348],[-114.0712297,51.0471799],[-114.0711563,51.0471777],[-114.0711551,51.0472338]]]]},"properties":{"structure_type":"Bridge Enclosed","posted_clearance":null,"modified_dt":"2024-05-22T10:32:29.000Z"}},{"type":"Feature","geometry":{"type":"MultiPolygon","coordinates":[[[[-114.0712935,51.0489975],[-114.0713382,51.0489988],[-114.0713617,51.0487362],[-114.0709966,51.0487258],[-114.0709943,51.0487582],[-114.0713098,51.0487672],[-114.0712935,51.0489975]]]]},"properties":{"structure_type":"Open to Sky","posted_clearance":null,"modified_dt":"2024-05-22T10:32:29.000Z"}},{"type":"Feature","geometry":{"type":"MultiPolygon","coordinates":[[[[-114.064253,51.0486537],[-114.0642479,51.0487146],[-114.0649245,51.0487328],[-114.0649307,51.0486928],[-114.0643167,51.0486754],[-114.0643214,51.0486162],[-114.0642559,51.0486144],[-114.064253,51.0486537]]]]},"properties":{"structure_type":"Enclosed","posted_clearance":null,"modified_dt":"2024-05-22T10:32:29.000Z"}},{"type":"Feature","geometry":{"type":"MultiPolygon","coordinates":[[[[-114.0565824,51.048459],[-114.0565732,51.0485901],[-114.057367,51.0486117],[-114.0573886,51.0484272],[-114.0573902,51.0484121],[-114.0573914,51.0484036],[-114.0573921,51.0483974],[-114.0569023,51.0483838],[-114.0566579,51.0483764],[-114.0566547,51.0484141],[-114.0566385,51.0484403],[-114.0566366,51.0484605],[-114.0565824,51.048459]]]]},"properties":{"structure_type":"Open to Sky","posted_clearance":null,"modified_dt":"2024-05-22T10:32:29.000Z"}},{"type":"Feature","geometry":{"type":"MultiPolygon","coordinates":[[[[-114.0692081,51.0484283],[-114.0692055,51.0484643],[-114.0695183,51.0484731],[-114.0695209,51.0484374],[-114.0692639,51.0484299],[-114.0692081,51.0484283]]]]},"properties":{"structure_type":"Open to Sky","posted_clearance":null,"modified_dt":"2024-05-22T10:32:29.000Z"}},{"type":"Feature","geometry":{"type":"MultiPolygon","coordinates":[[[[-114.0695096,51.0481071],[-114.069444,51.0481052],[-114.0694408,51.0481515],[-114.0694306,51.0482977],[-114.069374,51.0482961],[-114.0692485,51.0483803],[-114.0692113,51.0483792],[-114.0692081,51.0484283],[-114.0692639,51.0484299],[-114.069401,51.048338],[-114.0694276,51.0483388],[-114.0695231,51.0483959],[-114.0695209,51.0484374],[-114.0695961,51.0484395],[-114.0696002,51.0483864],[-114.0694946,51.0483165],[-114.0695059,51.0481541],[-114.0695096,51.0481071]]]]},"properties":{"structure_type":"Enclosed","posted_clearance":null,"modified_dt":"2024-05-22T10:32:29.000Z"}},{"type":"Feature","geometry":{"type":"MultiPolygon","coordinates":[[[[-114.0704114,51.049047],[-114.070875,51.0490604],[-114.0708774,51.0490265],[-114.0707538,51.0490232],[-114.0707556,51.0489989],[-114.0707485,51.0489987],[-114.0707544,51.0489179],[-114.0707615,51.0489181],[-114.0707637,51.0488878],[-114.0707149,51.0488864],[-114.0707146,51.04889],[-114.0705298,51.0488846],[-114.0705301,51.048881],[-114.0704773,51.0488795],[-114.0704751,51.0489098],[-114.0705278,51.0489113],[-114.0705248,51.0489533],[-114.0707167,51.0489589],[-114.0707139,51.0489977],[-114.0707068,51.0489975],[-114.0707049,51.0490217],[-114.0706227,51.0490194],[-114.0704152,51.0490124],[-114.0703553,51.0490107],[-114.0703528,51.0490453],[-114.0704114,51.049047]]]]},"properties":{"structure_type":"Enclosed","posted_clearance":null,"modified_dt":"2024-05-22T10:32:29.000Z"}},{"type":"Feature","geometry":{"type":"MultiPolygon","coordinates":[[[[-114.0601223,51.0488012],[-114.0601227,51.0487956],[-114.0605622,51.0488077],[-114.0605657,51.0487584],[-114.0606363,51.0487604],[-114.0606445,51.0487557],[-114.0606323,51.0487471],[-114.0606359,51.0486953],[-114.0606245,51.048695],[-114.0605112,51.0487596],[-114.0601525,51.0487496],[-114.0600689,51.0487472],[-114.0600346,51.0487663],[-114.0599609,51.0487638],[-114.0599585,51.0487965],[-114.0601223,51.0488012]]]]},"properties":{"structure_type":"Bridge Enclosed","posted_clearance":"4.9","modified_dt":"2024-05-22T10:32:29.000Z"}},{"type":"Feature","geometry":{"type":"MultiPolygon","coordinates":[[[[-114.0788015,51.0483366],[-114.0788013,51.0483385],[-114.0788009,51.0483441],[-114.0794221,51.0483619],[-114.0794224,51.0483574],[-114.079426,51.0483049],[-114.0793426,51.0483024],[-114.0793459,51.0482613],[-114.0793085,51.0482602],[-114.0793226,51.0480648],[-114.0792651,51.0480219],[-114.0792654,51.0480186],[-114.0792613,51.0480185],[-114.0791824,51.0480161],[-114.079181,51.048016],[-114.0791807,51.0480282],[-114.0792408,51.0480726],[-114.0792242,51.0482578],[-114.078809,51.0482458],[-114.0788079,51.0482458],[-114.0788053,51.0482819],[-114.0788052,51.0482832],[-114.0788015,51.0483366]]]]},"properties":{"structure_type":"Enclosed","posted_clearance":null,"modified_dt":"2024-05-22T10:32:29.000Z"}},{"type":"Feature","geometry":{"type":"MultiPolygon","coordinates":[[[[-114.0783516,51.0482978],[-114.0783666,51.0482982],[-114.0783699,51.0482579],[-114.0784168,51.0482587],[-114.0784355,51.0479964],[-114.0781023,51.047987],[-114.0780998,51.0480067],[-114.0780987,51.0480182],[-114.0783714,51.0480264],[-114.0783516,51.0482978]]]]},"properties":{"structure_type":"Enclosed","posted_clearance":null,"modified_dt":"2024-05-22T10:32:29.000Z"}},{"type":"Feature","geometry":{"type":"MultiPolygon","coordinates":[[[[-114.0767805,51.048287],[-114.0769613,51.048292],[-114.0769846,51.0479721],[-114.0768822,51.0479696],[-114.0768821,51.048043],[-114.0767976,51.0480411],[-114.0767805,51.048287]]]]},"properties":{"structure_type":"Open to Sky","posted_clearance":null,"modified_dt":"2024-05-22T10:32:29.000Z"}},{"type":"Feature","geometry":{"type":"MultiPolygon","coordinates":[[[[-114.0637952,51.04825],[-114.0638182,51.0482507],[-114.0638304,51.0481],[-114.0642584,51.0481103],[-114.0644906,51.0482699],[-114.0648822,51.0481047],[-114.0648862,51.0480524],[-114.0648869,51.0480437],[-114.0644454,51.04774],[-114.06416,51.0477307],[-114.0641574,51.0477635],[-114.0642719,51.0477668],[-114.0643173,51.0477989],[-114.0641689,51.0478689],[-114.0640886,51.0477868],[-114.0640636,51.047786],[-114.0640585,51.047855],[-114.0636478,51.0478429],[-114.0635877,51.0478412],[-114.063494,51.0478384],[-114.0634783,51.0478276],[-114.0631925,51.0478194],[-114.0631896,51.0478566],[-114.0632667,51.0478585],[-114.0634096,51.047957],[-114.0633142,51.048002],[-114.0632716,51.0479717],[-114.0632366,51.0479882],[-114.0634671,51.0481518],[-114.0635021,51.0481353],[-114.0633432,51.0480225],[-114.0633735,51.0480083],[-114.063413,51.0480363],[-114.0634479,51.0480198],[-114.0634084,51.0479918],[-114.0634391,51.0479774],[-114.0637309,51.0481784],[-114.0637262,51.0482478],[-114.063731,51.0482479],[-114.0637952,51.04825]],[[-114.0644447,51.0480273],[-114.0644834,51.0480091],[-114.0644976,51.0480195],[-114.0645325,51.048003],[-114.0645183,51.0479926],[-114.0645616,51.0479722],[-114.0647492,51.048105],[-114.0646286,51.0481619],[-114.0644447,51.0480273]],[[-114.0644426,51.0479791],[-114.0644568,51.0479895],[-114.0644182,51.0480077],[-114.0642565,51.0478894],[-114.0643696,51.0478361],[-114.0645345,51.0479529],[-114.0644917,51.047973],[-114.0644775,51.0479626],[-114.0644426,51.0479791]],[[-114.0640516,51.0479477],[-114.0640502,51.0479669],[-114.0640952,51.0479979],[-114.0640825,51.0480012],[-114.0637152,51.0479909],[-114.0636357,51.0479361],[-114.0640516,51.0479477]]]]},"properties":{"structure_type":"Enclosed","posted_clearance":null,"modified_dt":"2024-05-22T10:32:29.000Z"}},{"type":"Feature","geometry":{"type":"MultiPolygon","coordinates":[[[[-114.0784536,51.0483268],[-114.0788015,51.0483366],[-114.0788052,51.0482832],[-114.0784576,51.0482737],[-114.0784556,51.0483009],[-114.0784536,51.0483268]]]]},"properties":{"structure_type":"Bridge Enclosed","posted_clearance":"4.5","modified_dt":"2024-05-22T10:32:29.000Z"}},{"type":"Feature","geometry":{"type":"MultiPolygon","coordinates":[[[[-114.0687234,51.0467731],[-114.0687147,51.0469001],[-114.0687206,51.0469002],[-114.0687122,51.0471641],[-114.0687664,51.0471657],[-114.0687748,51.0469021],[-114.0688194,51.0469033],[-114.0688197,51.0469008],[-114.0688968,51.0469027],[-114.0692123,51.0469111],[-114.0691284,51.0468529],[-114.0690429,51.0468506],[-114.0690383,51.0468499],[-114.0690371,51.0468625],[-114.0688212,51.0468568],[-114.0688267,51.0467738],[-114.0687234,51.0467731]]]]},"properties":{"structure_type":"Bridge Enclosed","posted_clearance":null,"modified_dt":"2024-05-22T10:32:29.000Z"}},{"type":"Feature","geometry":{"type":"MultiPolygon","coordinates":[[[[-114.0789437,51.0474544],[-114.0789302,51.0474541],[-114.0789105,51.0474531],[-114.0788648,51.0474782],[-114.0788521,51.0476304],[-114.0789218,51.0476797],[-114.079015,51.0476817],[-114.0790727,51.0477234],[-114.079071,51.0477469],[-114.079142,51.0477963],[-114.0791981,51.047798],[-114.0792795,51.0478006],[-114.079591,51.0478102],[-114.0796696,51.0477648],[-114.0796704,51.0477442],[-114.0797702,51.0477466],[-114.0797978,51.0477657],[-114.0797956,51.0478151],[-114.0798947,51.0478173],[-114.0799184,51.0474808],[-114.0798378,51.0474786],[-114.0796764,51.047474],[-114.0796724,51.0475061],[-114.0798122,51.0475101],[-114.0796239,51.0476111],[-114.0795605,51.0476093],[-114.0795618,51.0475911],[-114.0795076,51.0475896],[-114.079502,51.0476669],[-114.0795563,51.0476685],[-114.0795548,51.0476889],[-114.0794575,51.0477377],[-114.0792209,51.0477309],[-114.079078,51.0476513],[-114.079085,51.047553],[-114.079133,51.0475751],[-114.0791688,51.0475451],[-114.0790884,51.047505],[-114.0791669,51.0474599],[-114.0790199,51.0474563],[-114.0789437,51.0474544]]]]},"properties":{"structure_type":"Enclosed","posted_clearance":null,"modified_dt":"2024-05-22T10:32:29.000Z"}},{"type":"Feature","geometry":{"type":"MultiPolygon","coordinates":[[[[-114.069337,51.0481022],[-114.069231,51.0480993],[-114.0692256,51.0481776],[-114.0692926,51.0481474],[-114.0693697,51.0481493],[-114.0694408,51.0481515],[-114.069444,51.0481052],[-114.0694165,51.0481044],[-114.069337,51.0481022]]]]},"properties":{"structure_type":"Open to Sky","posted_clearance":null,"modified_dt":"2024-05-22T10:32:29.000Z"}},{"type":"Feature","geometry":{"type":"MultiPolygon","coordinates":[[[[-114.0602623,51.0469452],[-114.0604786,51.0469518],[-114.0606942,51.0469584],[-114.0606949,51.0469584],[-114.0606959,51.0469337],[-114.0606963,51.0469275],[-114.0602645,51.0469147],[-114.0602623,51.0469452]]]]},"properties":{"structure_type":"Bridge Enclosed","posted_clearance":"4.8","modified_dt":"2024-05-22T10:32:29.000Z"}},{"type":"Feature","geometry":{"type":"MultiPolygon","coordinates":[[[[-114.0675314,51.048092],[-114.0675297,51.0481412],[-114.0676054,51.0481432],[-114.067617,51.0479843],[-114.0675424,51.047983],[-114.0675372,51.0480387],[-114.0675314,51.048092]]]]},"properties":{"structure_type":"Open to Sky","posted_clearance":null,"modified_dt":"2024-05-22T10:32:29.000Z"}},{"type":"Feature","geometry":{"type":"MultiPolygon","coordinates":[[[[-114.0705526,51.0462366],[-114.0713535,51.0462604],[-114.0713533,51.046178],[-114.0705584,51.0461554],[-114.0705526,51.0462366]]]]},"properties":{"structure_type":"Enclosed","posted_clearance":null,"modified_dt":"2024-05-22T10:32:29.000Z"}},{"type":"Feature","geometry":{"type":"MultiPolygon","coordinates":[[[[-114.0634848,51.049132],[-114.0635179,51.0491321],[-114.0635516,51.0491302],[-114.0636137,51.0491225],[-114.0636712,51.0491117],[-114.06372,51.0490973],[-114.0637679,51.049078],[-114.0638145,51.0490532],[-114.0638572,51.0490231],[-114.0638941,51.0489861],[-114.0639222,51.0489508],[-114.063943,51.0489084],[-114.0639517,51.0488692],[-114.0639512,51.0488294],[-114.0639413,51.0487896],[-114.0639243,51.0487547],[-114.0639085,51.0487296],[-114.0638664,51.0486839],[-114.0638433,51.0486661],[-114.0637287,51.0486627],[-114.0637718,51.0486859],[-114.0638198,51.0487235],[-114.0638486,51.0487563],[-114.0638693,51.0487957],[-114.0638778,51.0488315],[-114.0638773,51.0488725],[-114.0638653,51.0489143],[-114.0638479,51.0489451],[-114.0638159,51.0489806],[-114.0637711,51.0490153],[-114.0637271,51.0490395],[-114.06368,51.049058],[-114.0636282,51.0490719],[-114.0635812,51.0490802],[-114.0635289,51.0490848],[-114.063487,51.0490852],[-114.0634823,51.049132],[-114.0634848,51.049132]]]]},"properties":{"structure_type":"Bridge Enclosed","posted_clearance":"<Null>","modified_dt":"2026-07-09T11:56:08.000Z"}},{"type":"Feature","geometry":{"type":"MultiPolygon","coordinates":[[[[-114.0743497,51.0463726],[-114.0744039,51.0464575],[-114.0745099,51.0464437],[-114.0745815,51.0464396],[-114.0746339,51.046438],[-114.074699,51.0464379],[-114.0747591,51.0464419],[-114.0748166,51.0464475],[-114.0748664,51.0464547],[-114.0749341,51.046466],[-114.074943,51.0464434],[-114.0751679,51.0464505],[-114.0753136,51.0465044],[-114.0754145,51.0465108],[-114.0754254,51.0465114],[-114.0754278,51.0464724],[-114.0754196,51.0464721],[-114.0753289,51.0464689],[-114.0751793,51.0464094],[-114.0748931,51.0464008],[-114.074888,51.0464193],[-114.0748267,51.0464089],[-114.0747615,51.0464033],[-114.0747002,51.0464001],[-114.0746389,51.0463985],[-114.0745686,51.0463986],[-114.0745124,51.0464026],[-114.074469,51.0464083],[-114.0744442,51.0463753],[-114.0743497,51.0463726]]]]},"properties":{"structure_type":"Enclosed","posted_clearance":"<Null>","modified_dt":"2026-07-09T11:55:55.000Z"}},{"type":"Feature","geometry":{"type":"MultiPolygon","coordinates":[[[[-114.063983,51.0486464],[-114.064253,51.0486537],[-114.0642559,51.0486144],[-114.0639861,51.0486067],[-114.063983,51.0486464]]]]},"properties":{"structure_type":"Bridge Enclosed","posted_clearance":"<Null>","modified_dt":"2026-07-09T11:56:07.000Z"}}], "crs" : { "type": "name", "properties": { "name": "urn:ogc:def:crs:OGC:1.3:CRS84" } } }